UUID,OBJEKTART,NAME_KOMPLETT,GEBAEUDE_NUTZUNG,GRUND_AENDERUNG,HERKUNFT,HERKUNFT_JAHR,HERKUNFT_MONAT,ORIGINAL_HERKUNFT,ERSTELLUNG_JAHR,ERSTELLUNG_MONAT,REVISION_JAHR,REVISION_MONAT,DATUM_AENDERUNG,DATUM_ERSTELLUNG,DACH_MAX,DACH_MIN,GELAENDEPUNKT,GESAMTHOEHE,EGID,GEBAEUDEEINHEIT,roof_area_m2,wall_area_m2,footprint_area_m2,sloped_roof_area_m2,flat_roof_area_m2,total_surface_area_m2,roof_shape,roof_shape_confidence,roof_slope_primary_deg,roof_slope_secondary_deg,roof_azimuth_primary_deg,roof_ridge_orientation,roof_face_count,building_height_m,eave_height_m,ridge_height_m,wall_perimeter_m,min_elevation_m,max_elevation_m,horizontal_face_count,vertical_face_count,sloped_face_count,analysis_status,analysis_error
{BEF22E50-3BF2-4C4B-88C0-E7638ECDF19C},Gebaeude Einzelhaus,,,Verbessert,swisstopo,2022,6,swisstopo,2022,6,2022,6,2023-07-20T07:42:13+00:00,2023-07-20T07:42:13+00:00,529.39,521.1700000000001,521.83,7.56,502003894.0,{1F72A0FE-FCED-419F-B28F-355DB0DD1400},306.52,756.11,302.54,58.15,248.37,1365.18,shed,0.8,10.3,,24.6,,19,12.58,9.08,528.66,60.08,516.08,528.66,36,65,3,success,
{66DB08E7-E454-44DA-82DD-E39F50B7CE41},Gebaeude Einzelhaus,,,Verbessert,swisstopo,2022,6,swisstopo,2022,6,2022,6,2023-07-20T07:42:39+00:00,2023-07-20T07:42:39+00:00,534.06,532.51,529.66,4.4,2030572.0,{B4DC7BD1-DCF0-4716-8650-12384F688237},76.6,270.13,49.2,64.12,12.48,395.93,gable,0.85,12.1,23.2,19.9,109.9,14,8.36,8.24,533.86,32.3,525.5,533.86,8,36,12,success,
{5BBA27F7-8F0B-4F45-AB0C-440D6036AE7E},Gebaeude Einzelhaus,,,Verbessert,swisstopo,2022,6,swisstopo,2022,6,2022,6,2023-07-20T07:42:40+00:00,2023-07-20T07:42:40+00:00,563.34,561.58,559.74,3.6,502004329.0,{9F87B3D7-3798-493E-B8B7-42C44C2B2D14},17.92,90.64,14.84,17.92,0.0,123.41,gable,0.85,30.4,37.6,150.0,240.0,6,6.83,4.43,563.14,13.27,556.31,563.14,3,13,6,success,
{19356B1E-997D-4902-8658-72A8FCAAB413},Lagertank,,,Verbessert,swisstopo,2022,6,swisstopo,2022,6,2022,6,2023-07-20T07:42:41+00:00,2023-07-20T07:42:41+00:00,586.52,586.5200000000001,583.24,3.28,,{27BAE8AE-D6BA-4BC5-8F25-11F9FF82A081},4.82,49.68,4.82,0.0,4.82,59.32,flat,1.0,0.0,,,,23,6.36,4.24,586.32,7.81,579.95,586.32,46,50,0,success,
{2C5B38F8-F07A-4A9A-B01E-8900D06CC0EA},Gebaeude Einzelhaus,,,Verbessert,swisstopo,2022,6,swisstopo,2022,6,2022,6,2023-07-20T07:43:38+00:00,2023-07-20T07:43:38+00:00,522.12,519.9100000000001,517.66,4.46,502000152.0,{203D52E6-3D9B-4ED3-9168-2F45343A013A},34.14,140.83,27.91,34.14,0.0,202.88,gable,0.85,34.6,35.8,354.6,84.6,6,7.58,6.78,521.92,18.57,514.34,521.92,2,12,6,success,
{ACB43236-B719-4312-AC08-57BD315DC78C},Lagertank,,,Verbessert,swisstopo,2022,6,swisstopo,2022,6,2022,6,2023-07-20T07:44:28+00:00,2023-07-20T07:44:28+00:00,522.36,522.36,516.34,6.02,,{F5D4AFA9-99A4-48D3-960E-FA8973F0DF7A},4.68,66.2,4.68,0.0,4.68,75.56,flat,1.0,0.0,,,,23,8.61,5.74,522.16,7.69,513.55,522.16,46,50,0,success,
{8FFB539A-9371-43AD-BFFD-DE0CE5C76391},Gebaeude Einzelhaus,,,Verbessert,swisstopo,2022,6,swisstopo,2022,6,2022,6,2023-07-20T07:45:11+00:00,2023-07-20T07:45:11+00:00,533.26,532.1500000000001,529.99,3.27,502004044.0,{2DFC7083-FADB-4AFF-BA52-1D42AD34BF84},39.2,172.39,38.28,39.2,0.0,249.87,shed,0.8,12.5,,135.2,,11,6.46,4.61,533.06,26.67,526.6,533.06,8,29,11,success,
{A528B990-FCCC-4F6A-ABD3-C8937617B035},Lagertank,,,Verbessert,swisstopo,2022,6,swisstopo,2022,6,2022,6,2023-07-20T07:44:29+00:00,2023-07-20T07:44:29+00:00,524.39,524.3900000000001,516.35,8.04,,{F621632A-DA48-4878-9986-AF24369236CA},4.69,82.89,4.69,0.0,4.69,92.27,flat,1.0,0.0,,,,23,10.77,7.18,524.19,7.7,513.42,524.19,46,50,0,success,
{A055BDF4-8EE5-4481-B1D3-BEFA1960980A},Gebaeude Einzelhaus,,,Verbessert,swisstopo,2022,6,swisstopo,2022,6,2022,6,2023-07-20T07:45:12+00:00,2023-07-20T07:45:12+00:00,498.83,494.85,492.51,6.32,502003990.0,{AB77EC57-BFF5-43BA-BFE8-F2FC2E832804},256.57,673.99,253.19,72.35,184.22,1183.75,shed,0.8,11.1,,114.8,,7,9.33,7.78,498.62,72.26,489.29,498.62,10,34,4,success,
{4F8D7734-6E27-457A-BF2A-CB9A0C6CCDF5},Gebaeude Einzelhaus,,,Verbessert,swisstopo,2022,6,swisstopo,2022,6,2022,6,2023-07-20T07:45:13+00:00,2023-07-20T07:45:13+00:00,589.16,586.3900000000001,582.69,6.47,502000159.0,{45D762B6-32E7-47A4-B6FA-A490D7F9679B},34.82,211.99,34.05,34.82,0.0,280.87,shed,0.8,12.1,,357.5,,2,9.61,6.41,588.16,22.06,578.56,588.16,2,8,2,success,
{DF16B3D2-D6AB-423F-AFF0-55E32D84A562},Gebaeude Einzelhaus,,,Verbessert,swisstopo,2022,6,swisstopo,2022,6,2022,6,2023-07-20T07:45:52+00:00,2023-07-20T07:45:52+00:00,578.01,576.61,574.34,3.67,2030596.0,{6ED8095A-9675-4323-BC01-5D3AAFBE5CDC},61.4,191.39,59.51,61.4,0.0,312.3,gable,0.85,14.5,14.0,176.3,266.3,7,6.53,6.11,577.81,29.32,571.28,577.81,5,16,7,success,
{B3A1E8E5-56EB-42B7-9349-4831A19C9AF8},Lagertank,,,Verbessert,swisstopo,2022,6,swisstopo,2022,6,2022,6,2023-07-20T07:45:53+00:00,2023-07-20T07:45:53+00:00,531.49,531.49,521.45,10.04,502003897.0,{EEAA4EC8-F438-4A16-AD81-5129AB613DCD},7.85,126.59,7.85,0.0,7.85,142.29,flat,1.0,0.0,,,,23,12.71,8.47,531.29,9.96,518.58,531.29,46,50,0,success,
{085FCA9B-A162-49AE-BF28-D4C927A8ED06},Gebaeude Einzelhaus,,,Verbessert,swisstopo,2022,6,swisstopo,2022,6,2022,6,2023-07-20T07:46:31+00:00,2023-07-20T07:46:31+00:00,522.25,519.38,516.55,5.7,502003892.0,{5C0F5BB3-19F2-4517-A8A6-7240DE87A70B},369.36,535.25,352.01,369.36,0.0,1256.63,gable,0.85,17.6,17.6,343.8,73.8,6,9.08,5.21,522.05,58.94,512.97,522.05,4,14,6,success,
{08BA3F1B-C1C5-45AC-BF26-2BF1586680A3},Gebaeude Einzelhaus,,,Verbessert,swisstopo,2022,6,swisstopo,2022,6,2022,6,2023-07-20T07:47:32+00:00,2023-07-20T07:47:32+00:00,555.18,553.4100000000001,550.94,4.24,2030599.0,{4316A796-E344-40B4-B89F-740A5285ED4F},65.8,188.64,60.15,65.8,0.0,314.6,gable,0.85,23.6,24.2,222.9,312.9,7,7.2,4.67,554.98,26.21,547.78,554.98,3,14,7,success,
{7548CB07-7151-4071-B4BA-D5BF36B3F4EF},Gebaeude Einzelhaus,,,Verbessert,swisstopo,2022,6,swisstopo,2022,6,2022,6,2023-07-20T07:47:33+00:00,2023-07-20T07:47:33+00:00,528.63,528.1500000000001,525.36,3.27,,{004FB6A3-1829-4A7E-9B47-BDA12B882E1F},28.54,126.24,28.4,0.0,28.54,183.18,flat,1.0,0.0,,,,2,6.12,4.08,528.43,20.63,522.31,528.43,4,8,0,success,
{BDC5A890-BF3C-498F-90C4-72E5F20E2D63},Lagertank,,,Verbessert,swisstopo,2022,6,swisstopo,2022,6,2022,6,2023-07-20T07:48:27+00:00,2023-07-20T07:48:27+00:00,524.61,524.61,519.33,5.28,,{9FDA0384-B180-44E0-8D09-F16BB2527B1A},4.59,61.1,4.59,0.0,4.59,70.28,flat,1.0,0.0,,,,23,8.02,5.35,524.41,7.62,516.38,524.41,46,50,0,success,
{2A8A4EA7-713F-412E-9BA2-33DE25108DFC},Lagertank,,,Verbessert,swisstopo,2022,6,swisstopo,2022,6,2022,6,2023-07-20T07:48:59+00:00,2023-07-20T07:48:59+00:00,499.94,499.94,489.5,10.44,502004354.0,{6437E18D-14C8-44CA-9BD5-5956DA432BF6},8.52,137.43,8.52,0.0,8.52,154.47,flat,1.0,0.0,,,,23,13.25,8.83,499.74,10.37,486.49,499.74,46,50,0,success,
{9570599C-EE3F-4FBE-AEAA-0375BBFF3191},Gebaeude Einzelhaus,,,Verbessert,swisstopo,2022,6,swisstopo,2022,6,2022,6,2023-07-20T07:49:00+00:00,2023-07-20T07:49:00+00:00,582.06,581.0600000000001,579.13,2.93,2030602.0,{F73D3F3B-C6DD-4993-B330-FB20E9FD2BA3},22.15,124.02,21.18,19.18,2.96,167.36,gable,0.85,15.7,20.7,137.4,227.4,12,5.99,5.8,581.85,20.72,575.87,581.85,12,32,8,success,
{0CB84EE0-C909-4A03-8F33-22194220C813},Gebaeude Einzelhaus,,,Verbessert,swisstopo,2022,6,swisstopo,2022,6,2022,6,2023-07-20T07:49:01+00:00,2023-07-20T07:49:01+00:00,516.44,510.95,509.2,7.24,481993.0,{C8BA9B03-6915-4051-B3D4-E2332FAA2AAA},1370.01,1274.02,1274.22,1314.44,55.58,3918.25,gable,0.85,14.3,14.1,326.8,56.8,17,11.63,8.05,516.24,109.57,504.62,516.24,15,44,13,success,
{F494990B-1C0A-4365-A4A8-EAA9E2CE6314},Gebaeude Einzelhaus,,,Verbessert,swisstopo,2022,6,swisstopo,2022,6,2022,6,2023-07-20T07:49:39+00:00,2023-07-20T07:49:39+00:00,543.98,543.0300000000001,541.38,2.6,502004120.0,{B49D8BDC-0AE7-45B3-8F5F-A6880E9B203D},63.33,206.89,44.69,55.52,7.82,314.91,gable,0.85,18.9,19.1,121.1,211.1,10,5.98,5.77,543.78,34.62,537.81,543.78,6,26,8,success,
{617A67D0-D58C-45EF-ABAE-445D3CC2EE19},Lagertank,,,Verbessert,swisstopo,2022,6,swisstopo,2022,6,2022,6,2023-07-20T07:50:09+00:00,2023-07-20T07:50:09+00:00,500.05,500.05,489.48,10.57,502004353.0,{C3D5E69F-CF27-4F61-AFB9-517A6753C758},8.52,140.66,8.52,0.0,8.52,157.69,flat,1.0,0.0,,,,23,13.56,9.04,499.85,10.37,486.28,499.85,46,50,0,success,
{E14EDC0B-AC12-4098-A402-148736E2816F},Gebaeude Einzelhaus,,,Verbessert,swisstopo,2022,6,swisstopo,2022,6,2022,6,2023-07-20T07:50:10+00:00,2023-07-20T07:50:10+00:00,622.52,620.6400000000001,617.38,5.14,502004328.0,{4C8ADC31-3538-4F5B-8AB1-C99CE5E3752A},46.4,174.87,41.24,46.4,0.0,262.5,gable,0.85,27.0,27.6,340.6,70.6,4,8.05,4.85,622.32,21.72,614.27,622.32,2,10,4,success,
{B20FFA24-3B47-47D2-84F8-13AE0885D803},Gebaeude Einzelhaus,,,Verbessert,swisstopo,2022,6,swisstopo,2022,6,2022,6,2023-07-20T07:50:39+00:00,2023-07-20T07:50:39+00:00,588.7,586.49,582.62,6.08,502000158.0,{B74341CD-EA63-46AA-9B56-C9EC185EBEDE},498.77,823.27,489.98,395.9,102.87,1812.01,gable,0.85,12.7,11.1,357.9,87.9,12,11.07,7.55,588.5,74.38,577.44,588.5,12,30,8,success,
{5E0DA01D-F951-4E24-83D4-3FABCB6EDB85},Gebaeude Einzelhaus,,,Verbessert,swisstopo,2022,6,swisstopo,2022,6,2022,6,2023-07-20T07:51:00+00:00,2023-07-20T07:51:00+00:00,592.17,586.22,584.39,7.78,502000154.0,{6200AF1F-B557-42FE-B70D-147CE77B285A},569.27,1001.63,245.83,411.88,157.39,1816.73,shed,0.8,11.7,,357.9,,38,14.03,12.59,591.97,71.38,577.94,591.97,17,85,28,success,
{0EB83BF5-D9F2-487B-B162-D485CB1E2ACD},Lagertank,,,Verbessert,swisstopo,2022,6,swisstopo,2022,6,2022,6,2023-07-20T07:51:01+00:00,2023-07-20T07:51:01+00:00,508.06,508.06,500.24,7.82,502004297.0,{5D24D4D9-5310-4761-9B1F-BEA7DA85DCDC},8.98,113.81,8.98,0.0,8.98,131.78,flat,1.0,0.0,,,,23,10.68,7.12,507.86,10.65,497.18,507.86,46,50,0,success,
{9ABB91D9-5600-4E6F-A1FF-9BBE181292AC},Gebaeude Einzelhaus,,,Verbessert,swisstopo,2022,6,swisstopo,2022,6,2022,6,2023-07-20T07:51:02+00:00,2023-07-20T07:51:02+00:00,526.96,525.4100000000001,523.05,3.91,502003891.0,{AD0569F8-A707-4786-91B8-B1074675356F},68.71,220.92,67.22,31.08,37.63,356.85,shed,0.8,14.1,,167.6,,4,7.25,4.49,526.76,30.46,519.51,526.76,4,10,2,success,
{5AF137EC-BE6E-48A6-BA91-39910312A8C4},Gebaeude Einzelhaus,,,Verbessert,swisstopo,2022,6,swisstopo,2022,6,2022,6,2023-07-20T07:51:28+00:00,2023-07-20T07:51:28+00:00,593.84,592.73,590.28,3.56,502004184.0,{657C3C9D-0D4B-4D78-9388-C498DCC34778},19.31,107.78,17.52,19.31,0.0,144.62,gable,0.85,24.9,24.9,321.1,51.1,6,6.48,5.85,593.64,16.62,587.15,593.64,4,14,6,success,
{2D9584CF-8F31-4540-906E-C65AA49C0DDD},Lagertank,,,Verbessert,swisstopo,2022,6,swisstopo,2022,6,2022,6,2023-07-20T07:51:33+00:00,2023-07-20T07:51:33+00:00,526.36,526.36,516.42,9.94,,{8E1F3D16-8385-4CF4-B0ED-3AB32AB999BD},5.9,110.17,5.9,0.0,5.9,121.97,flat,1.0,0.0,,,,23,12.76,8.51,526.16,8.63,513.4,526.16,46,50,0,success,
{17BFBC5C-195F-47D4-80FB-D5977644FB1D},Gebaeude Einzelhaus,,,Verbessert,swisstopo,2022,6,swisstopo,2022,6,2022,6,2023-07-20T07:51:34+00:00,2023-07-20T07:51:34+00:00,529.74,524.57,521.73,8.01,502000240.0,{BC7EF12B-E809-4170-ACE3-D5914F603857},826.08,1330.04,812.59,826.08,0.0,2968.71,shed,0.8,10.4,,165.2,,3,13.66,9.1,529.41,97.38,515.75,529.41,3,10,3,success,
{57293127-96C4-4E39-B5BA-91184B7E466D},Gebaeude Einzelhaus,,,Verbessert,swisstopo,2022,6,swisstopo,2022,6,2022,6,2023-07-20T07:52:45+00:00,2023-07-20T07:52:45+00:00,527.43,526.25,523.93,3.5,502003893.0,{9AF447DB-0EC3-40F8-A4F1-51D5B8C8BD99},28.77,146.8,25.39,28.77,0.0,200.96,gable,0.85,26.7,29.4,330.8,60.8,4,6.77,4.28,527.23,21.67,520.46,527.23,2,10,4,success,
{E06F5312-FE55-4A7D-BF6F-37702C31C429},Lagertank,,,Real,swisstopo,2022,6,swisstopo,2022,6,2022,6,2023-07-20T07:52:44+00:00,2023-07-20T07:52:44+00:00,586.53,581.7900000000001,578.64,7.89,,{C4AE4B0C-3AAF-4934-BCAF-959A73FB0494},360.07,480.94,326.32,360.07,0.0,1167.33,hip,0.8,25.0,25.0,270.4,,25,12.23,4.99,586.33,39.32,574.09,586.33,23,50,25,success,
{863C6F39-2C03-4ADE-A367-8C69888CF31D},Gebaeude Einzelhaus,,,Verbessert,swisstopo,2022,6,swisstopo,2022,6,2022,6,2023-07-20T07:52:46+00:00,2023-07-20T07:52:46+00:00,514.69,511.74,510.99,3.7,502000236.0,{5BEDF0E4-1746-4529-B8BF-D7113042CDA6},93.46,285.48,48.83,30.13,63.33,427.77,shed,0.8,10.1,,162.9,,6,9.31,8.63,514.49,30.67,505.18,514.49,6,20,2,success,
{4975A30F-464D-4CF8-8E28-9B2A73537D96},Gebaeude Einzelhaus,,,Verbessert,swisstopo,2022,6,swisstopo,2022,6,2022,6,2023-07-20T07:53:14+00:00,2023-07-20T07:53:14+00:00,592.17,585.5,584.66,7.51,502000157.0,{C1C696E3-AB15-4CCA-9D2B-2B3CC05D0D2D},790.36,1264.93,772.68,790.36,0.0,2827.97,gable,0.85,12.4,11.5,357.9,87.9,14,14.03,12.09,591.97,90.14,577.94,591.97,5,29,14,success,
{1DA07C87-44C6-4B8D-B630-0B2EE03C15C9},Gebaeude Einzelhaus,,,Verbessert,swisstopo,2022,6,swisstopo,2022,6,2022,6,2023-07-20T07:53:15+00:00,2023-07-20T07:53:15+00:00,508.73,507.18,505.52,3.21,502003988.0,{2D249F08-CAD2-4F49-96DF-43B5BF5C515F},90.48,222.85,86.92,90.48,0.0,400.25,gable,0.85,16.1,16.1,58.7,148.7,4,6.97,4.22,508.53,31.96,501.56,508.53,3,11,4,success,
{B85687E4-0DF0-436D-BB84-6AA62C6DF976},Gebaeude Einzelhaus,,,Verbessert,swisstopo,2022,6,swisstopo,2022,6,2022,6,2023-07-20T07:53:14+00:00,2023-07-20T07:53:14+00:00,544.65,543.84,541.17,3.48,,{FD5A963B-33BA-4F64-BDED-722925B0C1C4},58.64,199.07,57.99,0.0,58.64,315.7,flat,1.0,0.0,,,,2,6.56,4.37,544.45,30.34,537.89,544.45,4,8,0,success,
{B9CFEF1E-FEC2-496F-B824-C67AA84182CF},Lagertank,,,Verbessert,swisstopo,2022,6,swisstopo,2022,6,2022,6,2023-07-20T07:53:56+00:00,2023-07-20T07:53:56+00:00,531.49,531.49,521.65,9.84,502003895.0,{74C99C69-D836-4108-A422-199B7C1D4D19},7.85,126.07,7.85,0.0,7.85,141.77,flat,1.0,0.0,,,,23,12.66,8.44,531.29,9.96,518.63,531.29,46,50,0,success,
{F59EBAA3-BEE3-4F7F-BB54-F465630747DD},Gebaeude Einzelhaus,,,Verbessert,swisstopo,2022,6,swisstopo,2022,6,2022,6,2023-07-20T07:54:19+00:00,2023-07-20T07:54:19+00:00,540.74,539.09,537.02,3.72,502004190.0,{D57E182D-6435-4DBA-9190-D868A5D13395},6.97,63.44,5.67,6.97,0.0,76.08,gable,0.85,35.7,35.7,280.5,10.5,4,7.23,4.58,540.54,8.78,533.31,540.54,2,10,4,success,
{76220AAC-575C-47DC-8C75-35CAEBC0906B},Gebaeude Einzelhaus,,,Verbessert,swisstopo,2022,6,swisstopo,2022,6,2022,6,2023-07-20T07:54:19+00:00,2023-07-20T07:54:19+00:00,578.44,575.9300000000001,573.66,4.78,2030609.0,{354B7431-6C3A-44F4-A212-3BC49FDC7FA5},71.35,251.31,62.74,65.9,5.44,385.41,gable,0.85,28.0,31.1,355.7,85.7,16,7.97,7.31,578.24,31.55,570.27,578.24,15,51,14,success,
{B5490047-D9A2-455E-8BDD-50A98FAD0DE2},Gebaeude Einzelhaus,,,Verbessert,swisstopo,2022,6,swisstopo,2022,6,2022,6,2023-07-20T07:54:20+00:00,2023-07-20T07:54:20+00:00,576.45,574.9300000000001,572.56,3.89,2030591.0,{63ABE531-47DB-48EE-8D71-C6766BA420BE},72.06,195.85,69.25,72.06,0.0,337.16,gable,0.85,15.9,16.1,355.9,85.9,4,6.81,4.11,576.25,28.74,569.44,576.25,2,10,4,success,
{96D9C169-F33B-41FB-BE04-10F7B95449CB},Gebaeude Einzelhaus,,,Verbessert,swisstopo,2022,6,swisstopo,2022,6,2022,6,2023-07-20T07:54:41+00:00,2023-07-20T07:54:41+00:00,550.85,542.33,539.75,11.1,481997.0,{78178E7E-5CD8-41D8-9F00-422A24552483},1004.46,1272.51,676.14,893.79,110.67,2953.11,gable,0.85,29.0,26.7,302.4,32.4,20,14.87,12.59,550.65,85.59,535.79,550.65,13,46,17,success,
{7C788EA8-7A14-4262-8D5A-51DA5D4395F3},Gebaeude Einzelhaus,,,Verbessert,swisstopo,2022,6,swisstopo,2022,6,2022,6,2023-07-20T07:55:14+00:00,2023-07-20T07:55:14+00:00,516.9,514.58,510.62,6.28,481994.0,{0D04422E-DEE9-4F69-9A95-6EDF33DA7D43},162.68,439.72,123.0,150.53,12.15,725.4,gable,0.85,26.5,25.7,326.8,56.8,24,10.3,9.16,516.7,42.68,506.4,516.7,14,39,17,success,
{DEEC4515-51FE-477A-925F-9ED963A9C46B},Gebaeude Einzelhaus,,,Verbessert,swisstopo,2022,6,swisstopo,2022,6,2022,6,2023-07-20T07:54:20+00:00,2023-07-20T07:54:20+00:00,497.17,494.74,492.47,4.7,502003991.0,{5D5547EA-A95E-40C7-B11D-BE4EDAB5348D},205.61,523.9,200.83,205.61,0.0,930.34,shed,0.8,12.4,,294.7,,4,7.51,5.0,496.86,69.78,489.35,496.86,4,12,4,success,
{35E15165-33A0-4807-8254-414573A10404},Gebaeude Einzelhaus,,,Verbessert,swisstopo,2022,6,swisstopo,2022,6,2022,6,2023-07-20T07:55:28+00:00,2023-07-20T07:55:28+00:00,648.82,646.6600000000001,645.66,3.16,502003899.0,{9F3DF88C-19AA-4713-B9FF-5674AC494039},17.79,82.16,15.03,17.79,0.0,114.98,gable,0.85,25.0,38.9,318.3,48.3,4,6.14,3.8,648.62,13.38,642.48,648.62,2,10,4,success,
{41B0C7B9-9D2D-46DA-AB99-4C9429C7FDFB},Gebaeude unsichtbar,,,Verbessert,swisstopo,2022,6,swisstopo,2022,6,2022,6,2023-07-20T07:55:47+00:00,2023-07-20T07:55:47+00:00,465.01,464.84,460.54,,,{B9908A3F-29E6-42FA-8C20-66FF5762C5CC},19.55,125.78,19.53,0.0,19.55,164.86,flat,1.0,0.0,,,,2,7.1,4.74,464.81,17.71,457.7,464.81,4,8,0,success,
{01C7FD9B-2168-40AA-B33C-1CDA5A74738B},Gebaeude Einzelhaus,,,Verbessert,swisstopo,2022,6,swisstopo,2022,6,2022,6,2023-07-20T07:55:49+00:00,2023-07-20T07:55:49+00:00,517.06,512.51,508.2,8.86,502004365.0,{AEAF745B-48B2-443B-A78D-1D04C4A497AC},643.08,1175.58,601.52,524.03,119.05,2420.18,gable,0.85,22.6,22.7,147.0,237.0,11,12.26,10.86,516.86,95.86,504.6,516.86,10,33,9,success,
{A124D3DA-FAE2-4218-AF18-0BA28F793B12},Lagertank,,,Verbessert,swisstopo,2022,6,swisstopo,2022,6,2022,6,2023-07-20T07:56:05+00:00,2023-07-20T07:56:05+00:00,516.44,516.44,509.67,6.77,,{92A073E8-DE33-4046-B807-353FD85851B5},5.5,80.26,5.5,0.0,5.5,91.26,flat,1.0,0.0,,,,22,9.63,6.42,516.24,8.34,506.61,516.24,44,48,0,success,
{48E8C9F2-9F61-426A-887E-4815A04B7C09},Gebaeude Einzelhaus,,,Verbessert,swisstopo,2022,6,swisstopo,2022,6,2022,6,2023-07-20T07:56:06+00:00,2023-07-20T07:56:06+00:00,517.65,515.44,510.44,7.21,502000238.0,{0EC14E77-8324-4E57-8CD0-99FFC7893CEF},341.71,902.98,336.27,341.71,0.0,1580.97,gable,0.85,10.3,10.2,72.5,162.5,16,12.62,12.24,517.45,71.56,504.83,517.45,11,35,16,success,
{1A4724A9-5B04-4763-902E-F82D7214B8B3},Gebaeude Einzelhaus,,,Verbessert,swisstopo,2022,6,swisstopo,2022,6,2022,6,2023-07-20T07:56:38+00:00,2023-07-20T07:56:38+00:00,560.88,559.5600000000001,557.4,3.48,502004188.0,{CB8B5BA0-9B42-4BD1-B2A3-F11EE9408423},7.9,58.12,6.44,7.9,0.0,72.46,gable,0.85,35.4,35.5,137.3,227.3,4,6.42,4.06,560.68,9.06,554.26,560.68,2,10,4,success,
{DDA14F3B-A421-4FDE-BCDD-D34CBE11FE6A},Lagertank,,,Verbessert,swisstopo,2022,6,swisstopo,2022,6,2022,6,2023-07-20T07:56:54+00:00,2023-07-20T07:56:54+00:00,510.81,510.81,499.81,11.0,502004293.0,{F88D3503-C2B9-4927-B04D-459F71C1EEF4},8.98,144.82,8.98,0.0,8.98,162.78,flat,1.0,0.0,,,,23,13.6,9.06,510.61,10.65,497.01,510.61,46,50,0,success,
{27ECC207-7124-419A-A471-E02617CD9BF5},Gebaeude Einzelhaus,,,Real,swisstopo,2022,6,swisstopo,2022,6,2022,6,2023-07-20T07:57:04+00:00,2023-07-20T07:57:04+00:00,549.99,548.32,544.39,5.6,502000150.0,{4FDD5545-2041-43CE-B583-0507CD6348E6},81.48,308.63,80.12,81.48,0.0,470.23,shed,0.8,10.5,,349.8,,2,9.19,6.11,549.59,33.6,540.41,549.59,2,8,2,success,
{8FB4AB0D-203F-47A6-8DF0-DF2C2F258330},Gebaeude Einzelhaus,,,Verbessert,swisstopo,2022,6,swisstopo,2022,6,2022,6,2023-07-20T07:57:31+00:00,2023-07-20T07:57:31+00:00,589.16,586.3900000000001,583.68,5.48,502000160.0,{37347D3D-2014-4605-A1D4-6E905D78166E},784.8,968.88,765.71,784.8,0.0,2519.39,gable,0.85,13.2,12.1,177.5,267.5,6,10.4,6.92,588.96,93.14,578.56,588.96,4,14,6,success,
{CA950D1B-4BCB-4832-B182-003676D48DA6},Gebaeude Einzelhaus,,,Verbessert,swisstopo,2022,6,swisstopo,2022,6,2022,6,2023-07-20T07:58:12+00:00,2023-07-20T07:58:12+00:00,599.57,590.61,587.28,12.29,481521.0,{939D83E4-B73E-486C-AA80-05DB12C4457A},633.22,1190.0,506.57,569.12,64.1,2329.79,gable,0.85,35.7,40.8,177.5,267.5,15,16.74,14.96,599.37,71.09,582.63,599.37,15,39,12,success,
{C38550BD-E56B-4FE1-AF56-417B9E9FB8AA},Lagertank,,,Verbessert,swisstopo,2022,6,swisstopo,2022,6,2022,6,2023-07-20T07:57:48+00:00,2023-07-20T07:57:48+00:00,590.0,590.0,583.47,6.53,,{56CB9A2F-4520-4996-8CBF-63C217A7F1B2},5.43,77.55,5.43,0.0,5.43,88.41,flat,1.0,0.0,,,,23,9.36,6.24,589.8,8.28,580.44,589.8,46,50,0,success,
{6A82F568-35EF-453F-BD94-5C9BC3B2C7EF},Gebaeude Einzelhaus,,,Verbessert,swisstopo,2022,6,swisstopo,2022,6,2022,6,2023-07-20T07:57:47+00:00,2023-07-20T07:57:47+00:00,493.22,489.35,486.69,6.53,502004393.0,{F0F900E3-056C-46C5-BF0F-8A585EB59827},173.4,558.42,147.24,173.4,0.0,879.05,gable,0.85,28.4,34.3,137.3,227.3,32,9.55,9.24,493.02,58.49,483.47,493.02,23,61,32,success,
{311EBBB3-A646-43E5-B96A-0AEAAFD26853},Gebaeude Einzelhaus,,,Verbessert,swisstopo,2022,6,swisstopo,2022,6,2022,6,2023-07-20T07:58:30+00:00,2023-07-20T07:58:30+00:00,504.08,502.92,499.77,4.31,502004298.0,{7C5B59F5-60A3-47ED-BCED-2EA6FC46CA45},373.08,835.31,368.83,0.0,373.08,1577.21,flat,1.0,0.0,,,,2,7.27,4.85,503.77,114.94,496.5,503.77,4,8,0,success,
{4FCA924B-99E8-48F9-BD60-26BED15CE373},Gebaeude Einzelhaus,,,Verbessert,swisstopo,2022,6,swisstopo,2022,6,2022,6,2023-07-20T07:58:31+00:00,2023-07-20T07:58:31+00:00,513.46,511.91,510.16,3.3,502004366.0,{326D4BFA-1509-4DED-9D75-21634F0E7A1C},22.01,105.44,17.91,22.01,0.0,145.36,gable,0.85,36.7,34.3,236.4,326.4,6,6.76,6.33,513.26,15.6,506.5,513.26,3,13,6,success,
{4C78E6E2-C0BC-4632-B34E-A1A71DF0609C},Gebaeude Einzelhaus,,,Verbessert,swisstopo,2022,6,swisstopo,2022,6,2022,6,2023-07-20T07:58:29+00:00,2023-07-20T07:58:29+00:00,579.14,577.1500000000001,575.35,3.79,502004185.0,{B445B1BE-2662-4974-87AD-EA280088E447},39.46,128.5,31.76,39.46,0.0,199.72,gable,0.85,39.4,32.8,264.6,354.6,4,6.82,4.08,578.94,18.83,572.12,578.94,2,10,4,success,
{F4553E19-E3E6-4EF0-A6F1-FFC26F3E3B35},Gebaeude Einzelhaus,,,Verbessert,swisstopo,2022,6,swisstopo,2022,6,2022,6,2023-07-20T07:58:51+00:00,2023-07-20T07:58:51+00:00,535.77,534.21,532.22,3.55,502003863.0,{8FBC4DCF-138F-4D5A-860D-7AF8AFEC7A85},14.93,79.35,11.92,14.93,0.0,106.2,gable,0.85,39.1,34.5,22.5,112.5,7,6.57,4.32,535.57,12.07,528.99,535.57,6,19,7,success,
{D9130B2C-C93E-4CA9-902B-5D9F99ED80F2},Gebaeude Einzelhaus,,,Verbessert,swisstopo,2022,6,swisstopo,2022,6,2022,6,2023-07-20T07:59:10+00:00,2023-07-20T07:59:10+00:00,527.8,524.59,520.11,7.69,481995.0,{4D09F171-4C7C-45DD-A311-5FF9EE670FE0},175.22,476.83,154.07,175.22,0.0,806.12,gable,0.85,28.2,28.7,180.1,270.1,4,11.54,6.8,527.6,41.31,516.06,527.6,2,10,4,success,
{5F5E88B3-8F11-4E90-92AB-67FDA66885D8},Lagertank,,,Verbessert,swisstopo,2022,6,swisstopo,2022,6,2022,6,2023-07-20T07:58:52+00:00,2023-07-20T07:58:52+00:00,591.62,591.62,583.46,8.16,,{B9CAEEA5-F8ED-4381-B8C8-E3EFFAFB2839},6.0,95.61,6.0,0.0,6.0,107.61,flat,1.0,0.0,,,,23,10.98,7.32,591.42,8.71,580.44,591.42,46,50,0,success,
{3E12D25B-E6F2-4713-AF28-08E0B594C9DE},Lagertank,,,Verbessert,swisstopo,2022,6,swisstopo,2022,6,2022,6,2023-07-20T07:59:30+00:00,2023-07-20T07:59:30+00:00,517.5,517.5,509.68,7.82,,{68578F1D-2045-4322-A16E-0BCAA4FB4B08},5.5,89.03,5.5,0.0,5.5,100.03,flat,1.0,0.0,,,,22,10.68,7.12,517.3,8.34,506.63,517.3,44,48,0,success,
{11F68AAE-C5CA-4AF6-8B9F-D443C7002E48},Gebaeude Einzelhaus,,,Verbessert,swisstopo,2022,6,swisstopo,2022,6,2022,6,2023-07-20T08:00:03+00:00,2023-07-20T08:00:03+00:00,587.46,584.8000000000001,582.3,5.16,2030585.0,{B7855696-B563-4135-9F14-C03FCE590BB8},70.69,212.96,60.73,70.69,0.0,344.38,gable,0.85,31.0,30.6,323.0,53.0,10,8.07,6.68,587.26,26.39,579.19,587.26,8,22,10,success,
{E6E5006F-C33F-46EC-855B-BD5EA96A5C37},Lagertank,,,Verbessert,swisstopo,2022,6,swisstopo,2022,6,2022,6,2023-07-20T07:59:29+00:00,2023-07-20T07:59:29+00:00,499.73,497.04,492.47,7.26,,{B06FC7F8-EE71-451B-81D4-B9C9F5720BE9},248.75,409.15,237.63,248.75,0.0,895.53,hip,0.8,17.2,17.2,134.9,,25,10.15,4.98,499.53,40.3,489.38,499.53,23,50,25,success,
{FFC57B12-7FD7-49EC-B092-4AD5BD24F5E9},Lagertank,,,Verbessert,swisstopo,2022,6,swisstopo,2022,6,2022,6,2023-07-20T08:00:08+00:00,2023-07-20T08:00:08+00:00,510.81,510.81,499.8,11.01,502004292.0,{5794164B-450E-4B1C-9D88-B9E69F329889},8.98,145.95,8.98,0.0,8.98,163.91,flat,1.0,0.0,,,,23,13.7,9.13,510.61,10.65,496.91,510.61,46,50,0,success,
{1485922D-D57D-4359-A741-95494DA3C6D6},Gebaeude Einzelhaus,,,Verbessert,swisstopo,2022,6,swisstopo,2022,6,2022,6,2023-07-20T08:01:40+00:00,2023-07-20T08:01:40+00:00,547.91,547.2700000000001,545.18,2.73,502003883.0,{00982292-5EF5-499B-BBCF-6D0338EF51EB},13.03,79.85,12.66,13.03,0.0,105.54,gable,0.85,13.7,13.6,253.4,343.4,6,5.74,3.67,547.71,13.92,541.98,547.71,4,14,6,success,
{F68D7B70-D96A-4D6F-80CA-76B1B4F16390},Gebaeude Einzelhaus,,,Verbessert,swisstopo,2022,6,swisstopo,2022,6,2022,6,2023-07-20T08:01:49+00:00,2023-07-20T08:01:49+00:00,522.8,518.0500000000001,513.92,8.88,2712428.0,{D545DCCA-DE74-4DA2-8504-1B377840D7A6},191.65,766.96,188.97,191.65,0.0,1147.57,shed,0.8,16.6,,57.4,,34,13.02,11.79,522.6,58.89,509.58,522.6,27,83,34,success,
{3763BFA9-842F-4A5D-A123-152713218ECA},Lagertank,,,Verbessert,swisstopo,2022,6,swisstopo,2022,6,2022,6,2023-07-20T08:01:51+00:00,2023-07-20T08:01:51+00:00,524.14,524.1400000000001,519.26,4.88,,{353E6FDA-4ED4-45EE-854C-3F789F9FB5D3},2.1,38.06,2.1,0.0,2.1,42.26,flat,1.0,0.0,,,,23,7.39,4.93,523.94,5.15,516.55,523.94,46,50,0,success,
{F94FB338-2F67-4346-9BB3-6BB34B704737},Gebaeude Einzelhaus,,,Verbessert,swisstopo,2022,6,swisstopo,2022,6,2022,6,2023-07-20T08:01:50+00:00,2023-07-20T08:01:50+00:00,512.49,507.34,505.62,6.87,502003989.0,{6C4ED6A6-A0C0-4EA6-AC1B-B0EBEDA1E664},188.95,396.05,163.93,188.95,0.0,748.93,gable,0.85,25.8,35.4,315.9,45.9,14,10.52,6.43,512.29,37.66,501.77,512.29,8,26,14,success,
{52602B5F-0090-45D6-BB5B-E6830E217809},Lagertank,,,Verbessert,swisstopo,2022,6,swisstopo,2022,6,2022,6,2023-07-20T08:02:02+00:00,2023-07-20T08:02:02+00:00,509.8,509.8,499.87,9.93,502004295.0,{19409973-7E78-4216-B40D-64889FDD7110},8.98,133.54,8.98,0.0,8.98,151.51,flat,1.0,0.0,,,,23,12.54,8.36,509.6,10.65,497.06,509.6,46,50,0,success,
{074A7322-8001-4A83-84AF-46DB93FF3AC6},Gebaeude Einzelhaus,,,Verbessert,swisstopo,2022,6,swisstopo,2022,6,2022,6,2023-07-20T08:02:19+00:00,2023-07-20T08:02:19+00:00,569.91,567.9200000000001,566.07,3.84,502004327.0,{998E0616-8286-4434-AD6A-99EAE1E8A52F},18.68,89.04,13.93,18.68,0.0,121.65,gable,0.85,39.9,43.7,22.1,112.1,5,6.94,6.03,569.71,12.83,562.78,569.71,3,12,5,success,
{2F7ACAE8-A374-46DE-BFF8-4E57004D3A82},Gebaeude Einzelhaus,,,Verbessert,swisstopo,2022,6,swisstopo,2022,6,2022,6,2023-07-20T08:02:38+00:00,2023-07-20T08:02:38+00:00,554.29,553.34,551.95,2.34,502004189.0,{8D814645-B644-4CA2-AFEB-543F27FE2061},8.34,55.88,6.64,8.34,0.0,70.86,gable,0.85,37.3,37.3,51.5,141.5,5,5.91,3.9,554.09,9.45,548.18,554.09,3,12,5,success,
{639A06AF-1DD1-4BB2-8868-7D4BDDCEAC9F},Gebaeude Einzelhaus,,,Verbessert,swisstopo,2022,6,swisstopo,2022,6,2022,6,2023-07-20T08:02:51+00:00,2023-07-20T08:02:51+00:00,506.76,503.0,501.14,5.62,190144989.0,{711EB3D0-FBDE-46D5-A16A-C64518869FCA},524.52,791.18,519.05,0.0,524.52,1834.75,flat,1.0,0.0,,,,17,9.57,6.38,506.56,82.7,497.0,506.56,31,35,0,success,
{7234D9D2-A5B2-4BD9-ABAC-EFD0FB2B34A7},Gebaeude Einzelhaus,,,Verbessert,swisstopo,2022,6,swisstopo,2022,6,2022,6,2023-07-20T08:02:39+00:00,2023-07-20T08:02:39+00:00,510.42,505.97,499.94,10.48,502004296.0,{340608FC-0507-4438-B110-206EC36EC316},367.78,855.2,336.85,367.78,0.0,1559.83,gable,0.85,23.4,24.0,120.6,210.6,6,13.57,8.06,510.22,63.04,496.65,510.22,4,14,6,success,
{C7CAB3A7-59C8-4FAA-A3BB-A781D27A8F54},Gebaeude Einzelhaus,,,Verbessert,swisstopo,2022,6,swisstopo,2022,6,2022,6,2023-07-20T08:03:02+00:00,2023-07-20T08:03:02+00:00,538.84,535.08,531.28,7.56,502000151.0,{41519100-D752-4660-BEAF-F49625ABDF45},97.52,318.8,78.77,97.52,0.0,495.09,gable,0.85,36.1,36.1,349.8,79.8,4,11.18,9.25,538.64,28.51,527.46,538.64,2,10,4,success,
{00C93DB6-126E-45CA-B193-09A39096A3CF},Lagertank,,,Verbessert,swisstopo,2022,6,swisstopo,2022,6,2022,6,2023-07-20T08:03:01+00:00,2023-07-20T08:03:01+00:00,509.8,509.8,499.88,9.92,502004294.0,{8708FDC6-878E-498F-A8B7-817177C4038A},8.98,133.24,8.98,0.0,8.98,151.2,flat,1.0,0.0,,,,23,12.51,8.34,509.6,10.65,497.09,509.6,46,50,0,success,
{A08E790A-913C-4C8E-B5F9-543DA2689D0E},Gebaeude Einzelhaus,,,Verbessert,swisstopo,2022,6,swisstopo,2022,6,2022,6,2023-07-20T08:03:02+00:00,2023-07-20T08:03:02+00:00,526.45,526.45,525.14,1.31,,{3F119117-138E-4888-861E-57B6FFD1B916},43.37,122.14,43.37,0.0,43.37,208.88,flat,1.0,0.0,,,,2,4.22,2.81,526.25,28.93,522.02,526.25,4,8,0,success,
{02D0BC5F-FECD-43C5-9296-044CF2DB0E18},Gebaeude Einzelhaus,,,Verbessert,swisstopo,2022,6,swisstopo,2022,6,2022,6,2023-07-20T08:03:09+00:00,2023-07-20T08:03:09+00:00,588.06,585.08,582.52,5.54,2030577.0,{490AC411-005E-4DB9-B3AA-D6F389424BEA},73.98,206.88,60.76,73.98,0.0,341.61,gable,0.85,25.6,47.8,324.4,54.4,5,8.52,5.2,587.86,24.28,579.34,587.86,3,12,5,success,
{D7AE5895-C611-4235-9441-120BCDDDCF6D},Gebaeude Einzelhaus,,,Verbessert,swisstopo,2022,6,swisstopo,2022,6,2022,6,2023-07-20T08:03:31+00:00,2023-07-20T08:03:31+00:00,535.88,535.82,534.08,1.8,502003864.0,{57639B48-7D24-4166-B763-3AF36F1EA0F0},7.85,56.39,7.85,0.0,7.85,72.1,flat,1.0,0.0,,,,2,5.04,3.36,535.67,11.18,530.63,535.67,4,8,0,success,
{F332ACEE-F6D2-4F33-96DF-5E46E841271E},Lagertank,,,Verbessert,swisstopo,2022,6,swisstopo,2022,6,2022,6,2023-07-20T08:03:11+00:00,2023-07-20T08:03:11+00:00,528.51,528.51,521.43,7.08,502003898.0,{BB072E67-FC5A-44F7-AEE6-EDC5CE22F82D},7.85,97.43,7.85,0.0,7.85,113.13,flat,1.0,0.0,,,,23,9.78,6.52,528.31,9.96,518.52,528.31,46,50,0,success,
{8B76DE26-F31B-4BEB-8977-3C23756824E1},Gebaeude Einzelhaus,,,Verbessert,swisstopo,2022,6,swisstopo,2022,6,2022,6,2023-07-20T08:03:32+00:00,2023-07-20T08:03:32+00:00,515.64,514.0200000000001,511.14,4.5,502000153.0,{A61E64DA-E6FC-43DB-86C6-F475667E852A},29.29,128.86,23.88,29.29,0.0,182.03,gable,0.85,36.2,34.4,264.4,354.4,5,7.4,4.77,515.44,17.42,508.04,515.44,3,12,5,success,
{C76E8CF4-5E4B-4AE7-9678-B2586AC3A9D3},Gebaeude Einzelhaus,,,Verbessert,swisstopo,2022,6,swisstopo,2022,6,2022,6,2023-07-20T08:04:00+00:00,2023-07-20T08:04:00+00:00,538.06,537.6400000000001,535.39,2.67,502003865.0,{1349F512-273F-496E-A2DB-326F05716128},17.23,105.82,17.17,0.0,17.23,140.23,flat,1.0,0.0,,,,4,5.95,3.96,537.84,17.8,531.89,537.84,8,12,0,success,
{23379345-279A-4F6F-99C6-F9CB985E3AE1},Gebaeude Einzelhaus,,,Verbessert,swisstopo,2022,6,swisstopo,2022,6,2022,6,2023-07-20T08:04:18+00:00,2023-07-20T08:04:18+00:00,597.11,595.9300000000001,593.85,3.26,502000156.0,{3D9C5293-7CC1-49F2-A6E1-2DE393AC7E00},27.55,121.63,24.77,27.55,0.0,173.96,gable,0.85,25.7,26.2,180.7,270.7,5,6.52,4.07,596.91,18.66,590.4,596.91,3,12,5,success,
{C9EC1D6B-C6B7-4038-A4B8-6E7BEE50AF3F},Gebaeude Einzelhaus,,,Verbessert,swisstopo,2022,6,swisstopo,2022,6,2022,6,2023-07-20T08:04:18+00:00,2023-07-20T08:04:18+00:00,513.09,508.37,505.84,7.25,191667570.0,{24432DD2-0CA1-473A-ACF3-40C8C220E749},232.4,437.21,200.06,232.4,0.0,869.67,gable,0.85,30.7,30.4,152.3,242.3,6,10.26,6.01,512.89,42.63,502.63,512.89,4,14,6,success,
{756B0066-22C0-426D-895F-3B7F5A4921DB},Gebaeude Einzelhaus,,,Verbessert,swisstopo,2022,6,swisstopo,2022,6,2022,6,2023-07-20T08:04:19+00:00,2023-07-20T08:04:19+00:00,510.1,508.4,505.73,4.37,502004362.0,{BF3E6E0D-F3A2-4016-9141-1F0AB1BC7954},77.37,224.41,69.11,77.37,0.0,370.88,gable,0.85,26.1,27.3,332.0,62.0,6,7.36,4.72,509.9,30.48,502.54,509.9,3,13,6,success,
{B71ACEAC-206B-4FDE-9458-D40F8088D5CA},Gebaeude Einzelhaus,,,Verbessert,swisstopo,2022,6,swisstopo,2022,6,2022,6,2023-07-20T08:05:12+00:00,2023-07-20T08:05:12+00:00,495.54,491.0,485.08,10.46,482169.0,{49911D11-B8B8-4AED-8FF5-F0232D045869},125.42,450.32,101.38,125.42,0.0,677.13,gable,0.85,36.1,36.0,310.6,40.6,16,13.61,8.63,495.34,33.09,481.73,495.34,12,32,16,success,
{0F9F0840-4E46-4B4F-9302-557C27DC653D},Gebaeude Einzelhaus,,,Real,swisstopo,2022,6,swisstopo,2022,6,2022,6,2023-07-20T08:05:14+00:00,2023-07-20T08:05:14+00:00,495.22,491.66,485.53,9.69,191748975.0,{F3A3AC19-E6C7-4B94-AE6E-C73C36A7F005},81.26,360.73,68.56,81.26,0.0,510.54,gable,0.85,32.8,32.2,40.3,130.3,9,12.92,7.6,495.02,27.92,482.1,495.02,8,21,9,success,
{378413C6-1F85-44E4-9C6F-890C214BB91A},Gebaeude Einzelhaus,,,Real,swisstopo,2022,6,swisstopo,2022,6,2022,6,2023-07-20T08:05:16+00:00,2023-07-20T08:05:16+00:00,495.22,491.66,485.29,9.93,191748976.0,{0E5DAFE8-F9FB-4DA2-A495-83FC082AA232},79.68,357.96,67.23,79.68,0.0,504.87,gable,0.85,32.8,32.2,40.3,130.3,12,12.92,12.23,495.02,27.71,482.1,495.02,10,26,12,success,
{2B9D9716-6EE0-46A0-A908-B330951DF1C4},Gebaeude Einzelhaus,,,Verbessert,swisstopo,2022,6,swisstopo,2022,6,2022,6,2023-07-20T08:05:16+00:00,2023-07-20T08:05:16+00:00,495.17,492.17,489.77,5.4,502004351.0,{A4650714-18FE-49AE-B832-A1EE272FFA68},750.2,783.46,744.33,0.0,750.2,2277.99,flat,1.0,0.0,,,,2,8.1,5.4,494.6,96.69,486.5,494.6,4,8,0,success,
{5692CD32-3826-4DE7-A262-5E92AAE68BDB},Gebaeude Einzelhaus,,,Real,swisstopo,2022,6,swisstopo,2022,6,2022,6,2023-07-20T08:05:23+00:00,2023-07-20T08:05:23+00:00,496.14,492.58,486.17,9.97,191748951.0,{383D3FE4-1243-4866-9964-82B2EBD761A4},81.15,360.06,68.47,81.15,0.0,509.68,gable,0.85,32.2,32.8,220.3,310.3,13,12.91,8.09,495.94,27.89,483.04,495.94,10,27,13,success,
{F5114C87-E376-4CB9-A355-9A8D2E93899A},Gebaeude Einzelhaus,,,Verbessert,swisstopo,2022,6,swisstopo,2022,6,2022,6,2023-07-20T08:05:25+00:00,2023-07-20T08:05:25+00:00,508.4,503.58,498.76,9.64,190233088.0,{999BFAED-6598-4FE2-B858-974A2A40F75E},1521.28,1748.39,1480.14,1206.08,315.2,4749.81,gable,0.85,14.9,15.0,314.1,44.1,7,13.35,10.95,508.2,130.94,494.84,508.2,9,30,5,success,
{1A8B3F79-B758-4D1E-A1AB-A3F8C6FB3A2E},Gebaeude Einzelhaus,,,Verbessert,swisstopo,2022,6,swisstopo,2022,6,2022,6,2023-07-20T08:06:41+00:00,2023-07-20T08:06:41+00:00,496.09,493.73,489.58,6.51,481992.0,{CE6D4CF4-DE4B-422B-B2DB-5F8C0906816C},262.8,645.75,214.66,246.02,16.78,1123.21,gable,0.85,19.0,20.7,123.6,213.6,20,10.65,9.89,495.89,60.63,485.24,495.89,13,52,17,success,
{090D6737-E6C3-49A4-92E0-022CA9AF73A3},Gebaeude Einzelhaus,,,Real,swisstopo,2022,6,swisstopo,2022,6,2022,6,2023-07-20T08:06:42+00:00,2023-07-20T08:06:42+00:00,495.91,492.35,485.37,10.54,191748979.0,{35D31E12-85C3-4628-8CCB-D8C33C72D1A0},84.07,402.22,70.92,84.07,0.0,557.21,gable,0.85,32.8,32.2,40.3,130.3,15,13.93,8.69,495.71,28.87,481.78,495.71,13,36,15,success,
{5E98E67C-5D5B-469F-A03B-226D1A1C4838},Gebaeude Einzelhaus,,,Real,swisstopo,2022,6,swisstopo,2022,6,2022,6,2023-07-20T08:06:44+00:00,2023-07-20T08:06:44+00:00,495.91,492.35,485.67,10.24,191748982.0,{4D4EA28C-6A4D-4ABA-95FD-ADD460565685},79.96,392.34,67.47,79.96,0.0,539.78,gable,0.85,32.8,32.2,40.3,130.3,11,13.93,8.9,495.71,28.16,481.78,495.71,10,25,11,success,
{6BBF856D-596E-4B19-B81F-1DE52BAE1DDE},Gebaeude Einzelhaus,,,Verbessert,swisstopo,2022,6,swisstopo,2022,6,2022,6,2023-07-20T08:06:45+00:00,2023-07-20T08:06:45+00:00,497.93,492.22,490.21,7.72,482109.0,{DF359AFA-8684-4AB2-88D7-08E2B05F52A0},646.82,859.32,614.48,646.82,0.0,2120.61,gable,0.85,18.1,18.4,213.3,303.3,12,11.22,6.67,497.73,76.61,486.51,497.73,9,27,12,success,
{D85C61B5-03F1-4DD4-9493-20168CDAC078},Gebaeude Einzelhaus,,,Real,swisstopo,2022,6,swisstopo,2022,6,2022,6,2023-07-20T08:06:46+00:00,2023-07-20T08:06:46+00:00,496.26,492.7,486.72,9.54,191748977.0,{37A95BF2-7E5B-42DC-B44B-2199519CDF8E},80.83,388.1,68.2,80.83,0.0,537.12,gable,0.85,32.2,32.8,220.3,310.3,9,13.75,8.14,496.06,28.22,482.31,496.06,8,21,9,success,
{1D879A89-33C5-44E3-A48F-4ED4A282062F},Gebaeude Einzelhaus,,,Real,swisstopo,2022,6,swisstopo,2022,6,2022,6,2023-07-20T08:06:47+00:00,2023-07-20T08:06:47+00:00,496.26,492.7,485.79,10.47,191748978.0,{45B5A344-DC55-4C91-8994-CBBC2F12BFC2},80.57,387.57,67.99,80.57,0.0,536.13,gable,0.85,32.2,32.8,220.3,310.3,8,13.75,8.14,496.06,28.18,482.31,496.06,9,21,8,success,
{B59127F9-DA7B-4A40-8487-BED5E9128BCA},Gebaeude Einzelhaus,,,Real,swisstopo,2022,6,swisstopo,2022,6,2022,6,2023-07-20T08:06:49+00:00,2023-07-20T08:06:49+00:00,496.14,492.58,486.1,10.04,191748974.0,{AC4ABB9C-612A-4251-9504-849C6BF9D6DC},79.85,357.86,67.37,79.85,0.0,505.09,gable,0.85,32.2,32.8,220.3,310.3,9,12.91,8.14,495.94,27.72,483.04,495.94,10,23,9,success,
{F883A50C-5859-4479-A446-321892290F4D},Gebaeude Einzelhaus,,,Verbessert,swisstopo,2022,6,swisstopo,2022,6,2022,6,2023-07-20T08:08:10+00:00,2023-07-20T08:08:10+00:00,497.34,494.02,490.58,6.76,502004352.0,{2C0DEA9A-5C2F-4D3F-B9B2-E95BB2AFCB62},554.25,787.36,528.68,349.84,204.41,1870.28,gable,0.85,21.1,20.4,33.5,123.5,12,10.41,7.92,497.14,75.61,486.72,497.14,13,30,9,success,
{B0D7204C-3F0A-4EC8-B883-4A58CCEA7A52},Gebaeude Einzelhaus,,,Verbessert,swisstopo,2022,6,swisstopo,2022,6,2022,6,2023-07-20T08:06:49+00:00,2023-07-20T08:06:49+00:00,490.68,490.37,488.02,2.66,502004340.0,{A0488DAC-A750-4E9B-9252-B36EA21A01B3},64.2,210.23,64.17,0.0,64.2,338.6,flat,1.0,0.0,,,,8,5.51,5.4,490.48,38.18,484.98,490.48,20,34,0,success,
{E5885BD2-FB59-4D40-B1CA-3734B4EF3EA1},Gebaeude Einzelhaus,,,Verbessert,swisstopo,2022,6,swisstopo,2022,6,2022,6,2023-07-20T08:08:13+00:00,2023-07-20T08:08:13+00:00,500.64,496.47,491.37,9.27,502004350.0,{82C95772-8C46-4964-9176-C60314A739A3},267.85,736.04,250.05,267.85,0.0,1253.94,gable,0.85,20.3,21.7,303.2,33.2,4,13.08,7.96,500.44,56.27,487.36,500.44,3,11,4,success,
{BEF22E50-3BF2-4C4B-88C0-E7638ECDF19C},Gebaeude Einzelhaus,,,Verbessert,swisstopo,2022,6,swisstopo,2022,6,2022,6,2023-07-20T07:42:13+00:00,2023-07-20T07:42:13+00:00,529.39,521.1700000000001,521.83,7.56,502003894.0,{1F72A0FE-FCED-419F-B28F-355DB0DD1400},306.52,756.11,302.54,58.15,248.37,1365.18,shed,0.8,10.3,,24.6,,19,12.58,9.08,528.66,60.08,516.08,528.66,36,65,3,success,
{66DB08E7-E454-44DA-82DD-E39F50B7CE41},Gebaeude Einzelhaus,,,Verbessert,swisstopo,2022,6,swisstopo,2022,6,2022,6,2023-07-20T07:42:39+00:00,2023-07-20T07:42:39+00:00,534.06,532.51,529.66,4.4,2030572.0,{B4DC7BD1-DCF0-4716-8650-12384F688237},76.6,270.13,49.2,64.12,12.48,395.93,gable,0.85,12.1,23.2,19.9,109.9,14,8.36,8.24,533.86,32.3,525.5,533.86,8,36,12,success,
{5BBA27F7-8F0B-4F45-AB0C-440D6036AE7E},Gebaeude Einzelhaus,,,Verbessert,swisstopo,2022,6,swisstopo,2022,6,2022,6,2023-07-20T07:42:40+00:00,2023-07-20T07:42:40+00:00,563.34,561.58,559.74,3.6,502004329.0,{9F87B3D7-3798-493E-B8B7-42C44C2B2D14},17.92,90.64,14.84,17.92,0.0,123.41,gable,0.85,30.4,37.6,150.0,240.0,6,6.83,4.43,563.14,13.27,556.31,563.14,3,13,6,success,
{19356B1E-997D-4902-8658-72A8FCAAB413},Lagertank,,,Verbessert,swisstopo,2022,6,swisstopo,2022,6,2022,6,2023-07-20T07:42:41+00:00,2023-07-20T07:42:41+00:00,586.52,586.5200000000001,583.24,3.28,,{27BAE8AE-D6BA-4BC5-8F25-11F9FF82A081},4.82,49.68,4.82,0.0,4.82,59.32,flat,1.0,0.0,,,,23,6.36,4.24,586.32,7.81,579.95,586.32,46,50,0,success,
{2C5B38F8-F07A-4A9A-B01E-8900D06CC0EA},Gebaeude Einzelhaus,,,Verbessert,swisstopo,2022,6,swisstopo,2022,6,2022,6,2023-07-20T07:43:38+00:00,2023-07-20T07:43:38+00:00,522.12,519.9100000000001,517.66,4.46,502000152.0,{203D52E6-3D9B-4ED3-9168-2F45343A013A},34.14,140.83,27.91,34.14,0.0,202.88,gable,0.85,34.6,35.8,354.6,84.6,6,7.58,6.78,521.92,18.57,514.34,521.92,2,12,6,success,
{ACB43236-B719-4312-AC08-57BD315DC78C},Lagertank,,,Verbessert,swisstopo,2022,6,swisstopo,2022,6,2022,6,2023-07-20T07:44:28+00:00,2023-07-20T07:44:28+00:00,522.36,522.36,516.34,6.02,,{F5D4AFA9-99A4-48D3-960E-FA8973F0DF7A},4.68,66.2,4.68,0.0,4.68,75.56,flat,1.0,0.0,,,,23,8.61,5.74,522.16,7.69,513.55,522.16,46,50,0,success,
{8FFB539A-9371-43AD-BFFD-DE0CE5C76391},Gebaeude Einzelhaus,,,Verbessert,swisstopo,2022,6,swisstopo,2022,6,2022,6,2023-07-20T07:45:11+00:00,2023-07-20T07:45:11+00:00,533.26,532.1500000000001,529.99,3.27,502004044.0,{2DFC7083-FADB-4AFF-BA52-1D42AD34BF84},39.2,172.39,38.28,39.2,0.0,249.87,shed,0.8,12.5,,135.2,,11,6.46,4.61,533.06,26.67,526.6,533.06,8,29,11,success,
{A528B990-FCCC-4F6A-ABD3-C8937617B035},Lagertank,,,Verbessert,swisstopo,2022,6,swisstopo,2022,6,2022,6,2023-07-20T07:44:29+00:00,2023-07-20T07:44:29+00:00,524.39,524.3900000000001,516.35,8.04,,{F621632A-DA48-4878-9986-AF24369236CA},4.69,82.89,4.69,0.0,4.69,92.27,flat,1.0,0.0,,,,23,10.77,7.18,524.19,7.7,513.42,524.19,46,50,0,success,
{A055BDF4-8EE5-4481-B1D3-BEFA1960980A},Gebaeude Einzelhaus,,,Verbessert,swisstopo,2022,6,swisstopo,2022,6,2022,6,2023-07-20T07:45:12+00:00,2023-07-20T07:45:12+00:00,498.83,494.85,492.51,6.32,502003990.0,{AB77EC57-BFF5-43BA-BFE8-F2FC2E832804},256.57,673.99,253.19,72.35,184.22,1183.75,shed,0.8,11.1,,114.8,,7,9.33,7.78,498.62,72.26,489.29,498.62,10,34,4,success,
{4F8D7734-6E27-457A-BF2A-CB9A0C6CCDF5},Gebaeude Einzelhaus,,,Verbessert,swisstopo,2022,6,swisstopo,2022,6,2022,6,2023-07-20T07:45:13+00:00,2023-07-20T07:45:13+00:00,589.16,586.3900000000001,582.69,6.47,502000159.0,{45D762B6-32E7-47A4-B6FA-A490D7F9679B},34.82,211.99,34.05,34.82,0.0,280.87,shed,0.8,12.1,,357.5,,2,9.61,6.41,588.16,22.06,578.56,588.16,2,8,2,success,
{DF16B3D2-D6AB-423F-AFF0-55E32D84A562},Gebaeude Einzelhaus,,,Verbessert,swisstopo,2022,6,swisstopo,2022,6,2022,6,2023-07-20T07:45:52+00:00,2023-07-20T07:45:52+00:00,578.01,576.61,574.34,3.67,2030596.0,{6ED8095A-9675-4323-BC01-5D3AAFBE5CDC},61.4,191.39,59.51,61.4,0.0,312.3,gable,0.85,14.5,14.0,176.3,266.3,7,6.53,6.11,577.81,29.32,571.28,577.81,5,16,7,success,
{B3A1E8E5-56EB-42B7-9349-4831A19C9AF8},Lagertank,,,Verbessert,swisstopo,2022,6,swisstopo,2022,6,2022,6,2023-07-20T07:45:53+00:00,2023-07-20T07:45:53+00:00,531.49,531.49,521.45,10.04,502003897.0,{EEAA4EC8-F438-4A16-AD81-5129AB613DCD},7.85,126.59,7.85,0.0,7.85,142.29,flat,1.0,0.0,,,,23,12.71,8.47,531.29,9.96,518.58,531.29,46,50,0,success,
{085FCA9B-A162-49AE-BF28-D4C927A8ED06},Gebaeude Einzelhaus,,,Verbessert,swisstopo,2022,6,swisstopo,2022,6,2022,6,2023-07-20T07:46:31+00:00,2023-07-20T07:46:31+00:00,522.25,519.38,516.55,5.7,502003892.0,{5C0F5BB3-19F2-4517-A8A6-7240DE87A70B},369.36,535.25,352.01,369.36,0.0,1256.63,gable,0.85,17.6,17.6,343.8,73.8,6,9.08,5.21,522.05,58.94,512.97,522.05,4,14,6,success,
{08BA3F1B-C1C5-45AC-BF26-2BF1586680A3},Gebaeude Einzelhaus,,,Verbessert,swisstopo,2022,6,swisstopo,2022,6,2022,6,2023-07-20T07:47:32+00:00,2023-07-20T07:47:32+00:00,555.18,553.4100000000001,550.94,4.24,2030599.0,{4316A796-E344-40B4-B89F-740A5285ED4F},65.8,188.64,60.15,65.8,0.0,314.6,gable,0.85,23.6,24.2,222.9,312.9,7,7.2,4.67,554.98,26.21,547.78,554.98,3,14,7,success,
{7548CB07-7151-4071-B4BA-D5BF36B3F4EF},Gebaeude Einzelhaus,,,Verbessert,swisstopo,2022,6,swisstopo,2022,6,2022,6,2023-07-20T07:47:33+00:00,2023-07-20T07:47:33+00:00,528.63,528.1500000000001,525.36,3.27,,{004FB6A3-1829-4A7E-9B47-BDA12B882E1F},28.54,126.24,28.4,0.0,28.54,183.18,flat,1.0,0.0,,,,2,6.12,4.08,528.43,20.63,522.31,528.43,4,8,0,success,
{BDC5A890-BF3C-498F-90C4-72E5F20E2D63},Lagertank,,,Verbessert,swisstopo,2022,6,swisstopo,2022,6,2022,6,2023-07-20T07:48:27+00:00,2023-07-20T07:48:27+00:00,524.61,524.61,519.33,5.28,,{9FDA0384-B180-44E0-8D09-F16BB2527B1A},4.59,61.1,4.59,0.0,4.59,70.28,flat,1.0,0.0,,,,23,8.02,5.35,524.41,7.62,516.38,524.41,46,50,0,success,
{2A8A4EA7-713F-412E-9BA2-33DE25108DFC},Lagertank,,,Verbessert,swisstopo,2022,6,swisstopo,2022,6,2022,6,2023-07-20T07:48:59+00:00,2023-07-20T07:48:59+00:00,499.94,499.94,489.5,10.44,502004354.0,{6437E18D-14C8-44CA-9BD5-5956DA432BF6},8.52,137.43,8.52,0.0,8.52,154.47,flat,1.0,0.0,,,,23,13.25,8.83,499.74,10.37,486.49,499.74,46,50,0,success,
{9570599C-EE3F-4FBE-AEAA-0375BBFF3191},Gebaeude Einzelhaus,,,Verbessert,swisstopo,2022,6,swisstopo,2022,6,2022,6,2023-07-20T07:49:00+00:00,2023-07-20T07:49:00+00:00,582.06,581.0600000000001,579.13,2.93,2030602.0,{F73D3F3B-C6DD-4993-B330-FB20E9FD2BA3},22.15,124.02,21.18,19.18,2.96,167.36,gable,0.85,15.7,20.7,137.4,227.4,12,5.99,5.8,581.85,20.72,575.87,581.85,12,32,8,success,
{0CB84EE0-C909-4A03-8F33-22194220C813},Gebaeude Einzelhaus,,,Verbessert,swisstopo,2022,6,swisstopo,2022,6,2022,6,2023-07-20T07:49:01+00:00,2023-07-20T07:49:01+00:00,516.44,510.95,509.2,7.24,481993.0,{C8BA9B03-6915-4051-B3D4-E2332FAA2AAA},1370.01,1274.02,1274.22,1314.44,55.58,3918.25,gable,0.85,14.3,14.1,326.8,56.8,17,11.63,8.05,516.24,109.57,504.62,516.24,15,44,13,success,
{F494990B-1C0A-4365-A4A8-EAA9E2CE6314},Gebaeude Einzelhaus,,,Verbessert,swisstopo,2022,6,swisstopo,2022,6,2022,6,2023-07-20T07:49:39+00:00,2023-07-20T07:49:39+00:00,543.98,543.0300000000001,541.38,2.6,502004120.0,{B49D8BDC-0AE7-45B3-8F5F-A6880E9B203D},63.33,206.89,44.69,55.52,7.82,314.91,gable,0.85,18.9,19.1,121.1,211.1,10,5.98,5.77,543.78,34.62,537.81,543.78,6,26,8,success,
{617A67D0-D58C-45EF-ABAE-445D3CC2EE19},Lagertank,,,Verbessert,swisstopo,2022,6,swisstopo,2022,6,2022,6,2023-07-20T07:50:09+00:00,2023-07-20T07:50:09+00:00,500.05,500.05,489.48,10.57,502004353.0,{C3D5E69F-CF27-4F61-AFB9-517A6753C758},8.52,140.66,8.52,0.0,8.52,157.69,flat,1.0,0.0,,,,23,13.56,9.04,499.85,10.37,486.28,499.85,46,50,0,success,
{E14EDC0B-AC12-4098-A402-148736E2816F},Gebaeude Einzelhaus,,,Verbessert,swisstopo,2022,6,swisstopo,2022,6,2022,6,2023-07-20T07:50:10+00:00,2023-07-20T07:50:10+00:00,622.52,620.6400000000001,617.38,5.14,502004328.0,{4C8ADC31-3538-4F5B-8AB1-C99CE5E3752A},46.4,174.87,41.24,46.4,0.0,262.5,gable,0.85,27.0,27.6,340.6,70.6,4,8.05,4.85,622.32,21.72,614.27,622.32,2,10,4,success,
{B20FFA24-3B47-47D2-84F8-13AE0885D803},Gebaeude Einzelhaus,,,Verbessert,swisstopo,2022,6,swisstopo,2022,6,2022,6,2023-07-20T07:50:39+00:00,2023-07-20T07:50:39+00:00,588.7,586.49,582.62,6.08,502000158.0,{B74341CD-EA63-46AA-9B56-C9EC185EBEDE},498.77,823.27,489.98,395.9,102.87,1812.01,gable,0.85,12.7,11.1,357.9,87.9,12,11.07,7.55,588.5,74.38,577.44,588.5,12,30,8,success,
{5E0DA01D-F951-4E24-83D4-3FABCB6EDB85},Gebaeude Einzelhaus,,,Verbessert,swisstopo,2022,6,swisstopo,2022,6,2022,6,2023-07-20T07:51:00+00:00,2023-07-20T07:51:00+00:00,592.17,586.22,584.39,7.78,502000154.0,{6200AF1F-B557-42FE-B70D-147CE77B285A},569.27,1001.63,245.83,411.88,157.39,1816.73,shed,0.8,11.7,,357.9,,38,14.03,12.59,591.97,71.38,577.94,591.97,17,85,28,success,
{0EB83BF5-D9F2-487B-B162-D485CB1E2ACD},Lagertank,,,Verbessert,swisstopo,2022,6,swisstopo,2022,6,2022,6,2023-07-20T07:51:01+00:00,2023-07-20T07:51:01+00:00,508.06,508.06,500.24,7.82,502004297.0,{5D24D4D9-5310-4761-9B1F-BEA7DA85DCDC},8.98,113.81,8.98,0.0,8.98,131.78,flat,1.0,0.0,,,,23,10.68,7.12,507.86,10.65,497.18,507.86,46,50,0,success,
{9ABB91D9-5600-4E6F-A1FF-9BBE181292AC},Gebaeude Einzelhaus,,,Verbessert,swisstopo,2022,6,swisstopo,2022,6,2022,6,2023-07-20T07:51:02+00:00,2023-07-20T07:51:02+00:00,526.96,525.4100000000001,523.05,3.91,502003891.0,{AD0569F8-A707-4786-91B8-B1074675356F},68.71,220.92,67.22,31.08,37.63,356.85,shed,0.8,14.1,,167.6,,4,7.25,4.49,526.76,30.46,519.51,526.76,4,10,2,success,
{5AF137EC-BE6E-48A6-BA91-39910312A8C4},Gebaeude Einzelhaus,,,Verbessert,swisstopo,2022,6,swisstopo,2022,6,2022,6,2023-07-20T07:51:28+00:00,2023-07-20T07:51:28+00:00,593.84,592.73,590.28,3.56,502004184.0,{657C3C9D-0D4B-4D78-9388-C498DCC34778},19.31,107.78,17.52,19.31,0.0,144.62,gable,0.85,24.9,24.9,321.1,51.1,6,6.48,5.85,593.64,16.62,587.15,593.64,4,14,6,success,
{2D9584CF-8F31-4540-906E-C65AA49C0DDD},Lagertank,,,Verbessert,swisstopo,2022,6,swisstopo,2022,6,2022,6,2023-07-20T07:51:33+00:00,2023-07-20T07:51:33+00:00,526.36,526.36,516.42,9.94,,{8E1F3D16-8385-4CF4-B0ED-3AB32AB999BD},5.9,110.17,5.9,0.0,5.9,121.97,flat,1.0,0.0,,,,23,12.76,8.51,526.16,8.63,513.4,526.16,46,50,0,success,
{17BFBC5C-195F-47D4-80FB-D5977644FB1D},Gebaeude Einzelhaus,,,Verbessert,swisstopo,2022,6,swisstopo,2022,6,2022,6,2023-07-20T07:51:34+00:00,2023-07-20T07:51:34+00:00,529.74,524.57,521.73,8.01,502000240.0,{BC7EF12B-E809-4170-ACE3-D5914F603857},826.08,1330.04,812.59,826.08,0.0,2968.71,shed,0.8,10.4,,165.2,,3,13.66,9.1,529.41,97.38,515.75,529.41,3,10,3,success,
{57293127-96C4-4E39-B5BA-91184B7E466D},Gebaeude Einzelhaus,,,Verbessert,swisstopo,2022,6,swisstopo,2022,6,2022,6,2023-07-20T07:52:45+00:00,2023-07-20T07:52:45+00:00,527.43,526.25,523.93,3.5,502003893.0,{9AF447DB-0EC3-40F8-A4F1-51D5B8C8BD99},28.77,146.8,25.39,28.77,0.0,200.96,gable,0.85,26.7,29.4,330.8,60.8,4,6.77,4.28,527.23,21.67,520.46,527.23,2,10,4,success,
{E06F5312-FE55-4A7D-BF6F-37702C31C429},Lagertank,,,Real,swisstopo,2022,6,swisstopo,2022,6,2022,6,2023-07-20T07:52:44+00:00,2023-07-20T07:52:44+00:00,586.53,581.7900000000001,578.64,7.89,,{C4AE4B0C-3AAF-4934-BCAF-959A73FB0494},360.07,480.94,326.32,360.07,0.0,1167.33,hip,0.8,25.0,25.0,270.4,,25,12.23,4.99,586.33,39.32,574.09,586.33,23,50,25,success,
{863C6F39-2C03-4ADE-A367-8C69888CF31D},Gebaeude Einzelhaus,,,Verbessert,swisstopo,2022,6,swisstopo,2022,6,2022,6,2023-07-20T07:52:46+00:00,2023-07-20T07:52:46+00:00,514.69,511.74,510.99,3.7,502000236.0,{5BEDF0E4-1746-4529-B8BF-D7113042CDA6},93.46,285.48,48.83,30.13,63.33,427.77,shed,0.8,10.1,,162.9,,6,9.31,8.63,514.49,30.67,505.18,514.49,6,20,2,success,
{4975A30F-464D-4CF8-8E28-9B2A73537D96},Gebaeude Einzelhaus,,,Verbessert,swisstopo,2022,6,swisstopo,2022,6,2022,6,2023-07-20T07:53:14+00:00,2023-07-20T07:53:14+00:00,592.17,585.5,584.66,7.51,502000157.0,{C1C696E3-AB15-4CCA-9D2B-2B3CC05D0D2D},790.36,1264.93,772.68,790.36,0.0,2827.97,gable,0.85,12.4,11.5,357.9,87.9,14,14.03,12.09,591.97,90.14,577.94,591.97,5,29,14,success,
{1DA07C87-44C6-4B8D-B630-0B2EE03C15C9},Gebaeude Einzelhaus,,,Verbessert,swisstopo,2022,6,swisstopo,2022,6,2022,6,2023-07-20T07:53:15+00:00,2023-07-20T07:53:15+00:00,508.73,507.18,505.52,3.21,502003988.0,{2D249F08-CAD2-4F49-96DF-43B5BF5C515F},90.48,222.85,86.92,90.48,0.0,400.25,gable,0.85,16.1,16.1,58.7,148.7,4,6.97,4.22,508.53,31.96,501.56,508.53,3,11,4,success,
{B85687E4-0DF0-436D-BB84-6AA62C6DF976},Gebaeude Einzelhaus,,,Verbessert,swisstopo,2022,6,swisstopo,2022,6,2022,6,2023-07-20T07:53:14+00:00,2023-07-20T07:53:14+00:00,544.65,543.84,541.17,3.48,,{FD5A963B-33BA-4F64-BDED-722925B0C1C4},58.64,199.07,57.99,0.0,58.64,315.7,flat,1.0,0.0,,,,2,6.56,4.37,544.45,30.34,537.89,544.45,4,8,0,success,
{B9CFEF1E-FEC2-496F-B824-C67AA84182CF},Lagertank,,,Verbessert,swisstopo,2022,6,swisstopo,2022,6,2022,6,2023-07-20T07:53:56+00:00,2023-07-20T07:53:56+00:00,531.49,531.49,521.65,9.84,502003895.0,{74C99C69-D836-4108-A422-199B7C1D4D19},7.85,126.07,7.85,0.0,7.85,141.77,flat,1.0,0.0,,,,23,12.66,8.44,531.29,9.96,518.63,531.29,46,50,0,success,
{F59EBAA3-BEE3-4F7F-BB54-F465630747DD},Gebaeude Einzelhaus,,,Verbessert,swisstopo,2022,6,swisstopo,2022,6,2022,6,2023-07-20T07:54:19+00:00,2023-07-20T07:54:19+00:00,540.74,539.09,537.02,3.72,502004190.0,{D57E182D-6435-4DBA-9190-D868A5D13395},6.97,63.44,5.67,6.97,0.0,76.08,gable,0.85,35.7,35.7,280.5,10.5,4,7.23,4.58,540.54,8.78,533.31,540.54,2,10,4,success,
{76220AAC-575C-47DC-8C75-35CAEBC0906B},Gebaeude Einzelhaus,,,Verbessert,swisstopo,2022,6,swisstopo,2022,6,2022,6,2023-07-20T07:54:19+00:00,2023-07-20T07:54:19+00:00,578.44,575.9300000000001,573.66,4.78,2030609.0,{354B7431-6C3A-44F4-A212-3BC49FDC7FA5},71.35,251.31,62.74,65.9,5.44,385.41,gable,0.85,28.0,31.1,355.7,85.7,16,7.97,7.31,578.24,31.55,570.27,578.24,15,51,14,success,
{B5490047-D9A2-455E-8BDD-50A98FAD0DE2},Gebaeude Einzelhaus,,,Verbessert,swisstopo,2022,6,swisstopo,2022,6,2022,6,2023-07-20T07:54:20+00:00,2023-07-20T07:54:20+00:00,576.45,574.9300000000001,572.56,3.89,2030591.0,{63ABE531-47DB-48EE-8D71-C6766BA420BE},72.06,195.85,69.25,72.06,0.0,337.16,gable,0.85,15.9,16.1,355.9,85.9,4,6.81,4.11,576.25,28.74,569.44,576.25,2,10,4,success,
{96D9C169-F33B-41FB-BE04-10F7B95449CB},Gebaeude Einzelhaus,,,Verbessert,swisstopo,2022,6,swisstopo,2022,6,2022,6,2023-07-20T07:54:41+00:00,2023-07-20T07:54:41+00:00,550.85,542.33,539.75,11.1,481997.0,{78178E7E-5CD8-41D8-9F00-422A24552483},1004.46,1272.51,676.14,893.79,110.67,2953.11,gable,0.85,29.0,26.7,302.4,32.4,20,14.87,12.59,550.65,85.59,535.79,550.65,13,46,17,success,
{7C788EA8-7A14-4262-8D5A-51DA5D4395F3},Gebaeude Einzelhaus,,,Verbessert,swisstopo,2022,6,swisstopo,2022,6,2022,6,2023-07-20T07:55:14+00:00,2023-07-20T07:55:14+00:00,516.9,514.58,510.62,6.28,481994.0,{0D04422E-DEE9-4F69-9A95-6EDF33DA7D43},162.68,439.72,123.0,150.53,12.15,725.4,gable,0.85,26.5,25.7,326.8,56.8,24,10.3,9.16,516.7,42.68,506.4,516.7,14,39,17,success,
{DEEC4515-51FE-477A-925F-9ED963A9C46B},Gebaeude Einzelhaus,,,Verbessert,swisstopo,2022,6,swisstopo,2022,6,2022,6,2023-07-20T07:54:20+00:00,2023-07-20T07:54:20+00:00,497.17,494.74,492.47,4.7,502003991.0,{5D5547EA-A95E-40C7-B11D-BE4EDAB5348D},205.61,523.9,200.83,205.61,0.0,930.34,shed,0.8,12.4,,294.7,,4,7.51,5.0,496.86,69.78,489.35,496.86,4,12,4,success,
{35E15165-33A0-4807-8254-414573A10404},Gebaeude Einzelhaus,,,Verbessert,swisstopo,2022,6,swisstopo,2022,6,2022,6,2023-07-20T07:55:28+00:00,2023-07-20T07:55:28+00:00,648.82,646.6600000000001,645.66,3.16,502003899.0,{9F3DF88C-19AA-4713-B9FF-5674AC494039},17.79,82.16,15.03,17.79,0.0,114.98,gable,0.85,25.0,38.9,318.3,48.3,4,6.14,3.8,648.62,13.38,642.48,648.62,2,10,4,success,
{41B0C7B9-9D2D-46DA-AB99-4C9429C7FDFB},Gebaeude unsichtbar,,,Verbessert,swisstopo,2022,6,swisstopo,2022,6,2022,6,2023-07-20T07:55:47+00:00,2023-07-20T07:55:47+00:00,465.01,464.84,460.54,,,{B9908A3F-29E6-42FA-8C20-66FF5762C5CC},19.55,125.78,19.53,0.0,19.55,164.86,flat,1.0,0.0,,,,2,7.1,4.74,464.81,17.71,457.7,464.81,4,8,0,success,
{01C7FD9B-2168-40AA-B33C-1CDA5A74738B},Gebaeude Einzelhaus,,,Verbessert,swisstopo,2022,6,swisstopo,2022,6,2022,6,2023-07-20T07:55:49+00:00,2023-07-20T07:55:49+00:00,517.06,512.51,508.2,8.86,502004365.0,{AEAF745B-48B2-443B-A78D-1D04C4A497AC},643.08,1175.58,601.52,524.03,119.05,2420.18,gable,0.85,22.6,22.7,147.0,237.0,11,12.26,10.86,516.86,95.86,504.6,516.86,10,33,9,success,
{A124D3DA-FAE2-4218-AF18-0BA28F793B12},Lagertank,,,Verbessert,swisstopo,2022,6,swisstopo,2022,6,2022,6,2023-07-20T07:56:05+00:00,2023-07-20T07:56:05+00:00,516.44,516.44,509.67,6.77,,{92A073E8-DE33-4046-B807-353FD85851B5},5.5,80.26,5.5,0.0,5.5,91.26,flat,1.0,0.0,,,,22,9.63,6.42,516.24,8.34,506.61,516.24,44,48,0,success,
{48E8C9F2-9F61-426A-887E-4815A04B7C09},Gebaeude Einzelhaus,,,Verbessert,swisstopo,2022,6,swisstopo,2022,6,2022,6,2023-07-20T07:56:06+00:00,2023-07-20T07:56:06+00:00,517.65,515.44,510.44,7.21,502000238.0,{0EC14E77-8324-4E57-8CD0-99FFC7893CEF},341.71,902.98,336.27,341.71,0.0,1580.97,gable,0.85,10.3,10.2,72.5,162.5,16,12.62,12.24,517.45,71.56,504.83,517.45,11,35,16,success,
{1A4724A9-5B04-4763-902E-F82D7214B8B3},Gebaeude Einzelhaus,,,Verbessert,swisstopo,2022,6,swisstopo,2022,6,2022,6,2023-07-20T07:56:38+00:00,2023-07-20T07:56:38+00:00,560.88,559.5600000000001,557.4,3.48,502004188.0,{CB8B5BA0-9B42-4BD1-B2A3-F11EE9408423},7.9,58.12,6.44,7.9,0.0,72.46,gable,0.85,35.4,35.5,137.3,227.3,4,6.42,4.06,560.68,9.06,554.26,560.68,2,10,4,success,
{DDA14F3B-A421-4FDE-BCDD-D34CBE11FE6A},Lagertank,,,Verbessert,swisstopo,2022,6,swisstopo,2022,6,2022,6,2023-07-20T07:56:54+00:00,2023-07-20T07:56:54+00:00,510.81,510.81,499.81,11.0,502004293.0,{F88D3503-C2B9-4927-B04D-459F71C1EEF4},8.98,144.82,8.98,0.0,8.98,162.78,flat,1.0,0.0,,,,23,13.6,9.06,510.61,10.65,497.01,510.61,46,50,0,success,
{27ECC207-7124-419A-A471-E02617CD9BF5},Gebaeude Einzelhaus,,,Real,swisstopo,2022,6,swisstopo,2022,6,2022,6,2023-07-20T07:57:04+00:00,2023-07-20T07:57:04+00:00,549.99,548.32,544.39,5.6,502000150.0,{4FDD5545-2041-43CE-B583-0507CD6348E6},81.48,308.63,80.12,81.48,0.0,470.23,shed,0.8,10.5,,349.8,,2,9.19,6.11,549.59,33.6,540.41,549.59,2,8,2,success,
{8FB4AB0D-203F-47A6-8DF0-DF2C2F258330},Gebaeude Einzelhaus,,,Verbessert,swisstopo,2022,6,swisstopo,2022,6,2022,6,2023-07-20T07:57:31+00:00,2023-07-20T07:57:31+00:00,589.16,586.3900000000001,583.68,5.48,502000160.0,{37347D3D-2014-4605-A1D4-6E905D78166E},784.8,968.88,765.71,784.8,0.0,2519.39,gable,0.85,13.2,12.1,177.5,267.5,6,10.4,6.92,588.96,93.14,578.56,588.96,4,14,6,success,
{CA950D1B-4BCB-4832-B182-003676D48DA6},Gebaeude Einzelhaus,,,Verbessert,swisstopo,2022,6,swisstopo,2022,6,2022,6,2023-07-20T07:58:12+00:00,2023-07-20T07:58:12+00:00,599.57,590.61,587.28,12.29,481521.0,{939D83E4-B73E-486C-AA80-05DB12C4457A},633.22,1190.0,506.57,569.12,64.1,2329.79,gable,0.85,35.7,40.8,177.5,267.5,15,16.74,14.96,599.37,71.09,582.63,599.37,15,39,12,success,
{C38550BD-E56B-4FE1-AF56-417B9E9FB8AA},Lagertank,,,Verbessert,swisstopo,2022,6,swisstopo,2022,6,2022,6,2023-07-20T07:57:48+00:00,2023-07-20T07:57:48+00:00,590.0,590.0,583.47,6.53,,{56CB9A2F-4520-4996-8CBF-63C217A7F1B2},5.43,77.55,5.43,0.0,5.43,88.41,flat,1.0,0.0,,,,23,9.36,6.24,589.8,8.28,580.44,589.8,46,50,0,success,
{6A82F568-35EF-453F-BD94-5C9BC3B2C7EF},Gebaeude Einzelhaus,,,Verbessert,swisstopo,2022,6,swisstopo,2022,6,2022,6,2023-07-20T07:57:47+00:00,2023-07-20T07:57:47+00:00,493.22,489.35,486.69,6.53,502004393.0,{F0F900E3-056C-46C5-BF0F-8A585EB59827},173.4,558.42,147.24,173.4,0.0,879.05,gable,0.85,28.4,34.3,137.3,227.3,32,9.55,9.24,493.02,58.49,483.47,493.02,23,61,32,success,
{311EBBB3-A646-43E5-B96A-0AEAAFD26853},Gebaeude Einzelhaus,,,Verbessert,swisstopo,2022,6,swisstopo,2022,6,2022,6,2023-07-20T07:58:30+00:00,2023-07-20T07:58:30+00:00,504.08,502.92,499.77,4.31,502004298.0,{7C5B59F5-60A3-47ED-BCED-2EA6FC46CA45},373.08,835.31,368.83,0.0,373.08,1577.21,flat,1.0,0.0,,,,2,7.27,4.85,503.77,114.94,496.5,503.77,4,8,0,success,
{4FCA924B-99E8-48F9-BD60-26BED15CE373},Gebaeude Einzelhaus,,,Verbessert,swisstopo,2022,6,swisstopo,2022,6,2022,6,2023-07-20T07:58:31+00:00,2023-07-20T07:58:31+00:00,513.46,511.91,510.16,3.3,502004366.0,{326D4BFA-1509-4DED-9D75-21634F0E7A1C},22.01,105.44,17.91,22.01,0.0,145.36,gable,0.85,36.7,34.3,236.4,326.4,6,6.76,6.33,513.26,15.6,506.5,513.26,3,13,6,success,
{4C78E6E2-C0BC-4632-B34E-A1A71DF0609C},Gebaeude Einzelhaus,,,Verbessert,swisstopo,2022,6,swisstopo,2022,6,2022,6,2023-07-20T07:58:29+00:00,2023-07-20T07:58:29+00:00,579.14,577.1500000000001,575.35,3.79,502004185.0,{B445B1BE-2662-4974-87AD-EA280088E447},39.46,128.5,31.76,39.46,0.0,199.72,gable,0.85,39.4,32.8,264.6,354.6,4,6.82,4.08,578.94,18.83,572.12,578.94,2,10,4,success,
{F4553E19-E3E6-4EF0-A6F1-FFC26F3E3B35},Gebaeude Einzelhaus,,,Verbessert,swisstopo,2022,6,swisstopo,2022,6,2022,6,2023-07-20T07:58:51+00:00,2023-07-20T07:58:51+00:00,535.77,534.21,532.22,3.55,502003863.0,{8FBC4DCF-138F-4D5A-860D-7AF8AFEC7A85},14.93,79.35,11.92,14.93,0.0,106.2,gable,0.85,39.1,34.5,22.5,112.5,7,6.57,4.32,535.57,12.07,528.99,535.57,6,19,7,success,
{D9130B2C-C93E-4CA9-902B-5D9F99ED80F2},Gebaeude Einzelhaus,,,Verbessert,swisstopo,2022,6,swisstopo,2022,6,2022,6,2023-07-20T07:59:10+00:00,2023-07-20T07:59:10+00:00,527.8,524.59,520.11,7.69,481995.0,{4D09F171-4C7C-45DD-A311-5FF9EE670FE0},175.22,476.83,154.07,175.22,0.0,806.12,gable,0.85,28.2,28.7,180.1,270.1,4,11.54,6.8,527.6,41.31,516.06,527.6,2,10,4,success,
{5F5E88B3-8F11-4E90-92AB-67FDA66885D8},Lagertank,,,Verbessert,swisstopo,2022,6,swisstopo,2022,6,2022,6,2023-07-20T07:58:52+00:00,2023-07-20T07:58:52+00:00,591.62,591.62,583.46,8.16,,{B9CAEEA5-F8ED-4381-B8C8-E3EFFAFB2839},6.0,95.61,6.0,0.0,6.0,107.61,flat,1.0,0.0,,,,23,10.98,7.32,591.42,8.71,580.44,591.42,46,50,0,success,
{3E12D25B-E6F2-4713-AF28-08E0B594C9DE},Lagertank,,,Verbessert,swisstopo,2022,6,swisstopo,2022,6,2022,6,2023-07-20T07:59:30+00:00,2023-07-20T07:59:30+00:00,517.5,517.5,509.68,7.82,,{68578F1D-2045-4322-A16E-0BCAA4FB4B08},5.5,89.03,5.5,0.0,5.5,100.03,flat,1.0,0.0,,,,22,10.68,7.12,517.3,8.34,506.63,517.3,44,48,0,success,
{11F68AAE-C5CA-4AF6-8B9F-D443C7002E48},Gebaeude Einzelhaus,,,Verbessert,swisstopo,2022,6,swisstopo,2022,6,2022,6,2023-07-20T08:00:03+00:00,2023-07-20T08:00:03+00:00,587.46,584.8000000000001,582.3,5.16,2030585.0,{B7855696-B563-4135-9F14-C03FCE590BB8},70.69,212.96,60.73,70.69,0.0,344.38,gable,0.85,31.0,30.6,323.0,53.0,10,8.07,6.68,587.26,26.39,579.19,587.26,8,22,10,success,
{E6E5006F-C33F-46EC-855B-BD5EA96A5C37},Lagertank,,,Verbessert,swisstopo,2022,6,swisstopo,2022,6,2022,6,2023-07-20T07:59:29+00:00,2023-07-20T07:59:29+00:00,499.73,497.04,492.47,7.26,,{B06FC7F8-EE71-451B-81D4-B9C9F5720BE9},248.75,409.15,237.63,248.75,0.0,895.53,hip,0.8,17.2,17.2,134.9,,25,10.15,4.98,499.53,40.3,489.38,499.53,23,50,25,success,
{FFC57B12-7FD7-49EC-B092-4AD5BD24F5E9},Lagertank,,,Verbessert,swisstopo,2022,6,swisstopo,2022,6,2022,6,2023-07-20T08:00:08+00:00,2023-07-20T08:00:08+00:00,510.81,510.81,499.8,11.01,502004292.0,{5794164B-450E-4B1C-9D88-B9E69F329889},8.98,145.95,8.98,0.0,8.98,163.91,flat,1.0,0.0,,,,23,13.7,9.13,510.61,10.65,496.91,510.61,46,50,0,success,
{1485922D-D57D-4359-A741-95494DA3C6D6},Gebaeude Einzelhaus,,,Verbessert,swisstopo,2022,6,swisstopo,2022,6,2022,6,2023-07-20T08:01:40+00:00,2023-07-20T08:01:40+00:00,547.91,547.2700000000001,545.18,2.73,502003883.0,{00982292-5EF5-499B-BBCF-6D0338EF51EB},13.03,79.85,12.66,13.03,0.0,105.54,gable,0.85,13.7,13.6,253.4,343.4,6,5.74,3.67,547.71,13.92,541.98,547.71,4,14,6,success,
{F68D7B70-D96A-4D6F-80CA-76B1B4F16390},Gebaeude Einzelhaus,,,Verbessert,swisstopo,2022,6,swisstopo,2022,6,2022,6,2023-07-20T08:01:49+00:00,2023-07-20T08:01:49+00:00,522.8,518.0500000000001,513.92,8.88,2712428.0,{D545DCCA-DE74-4DA2-8504-1B377840D7A6},191.65,766.96,188.97,191.65,0.0,1147.57,shed,0.8,16.6,,57.4,,34,13.02,11.79,522.6,58.89,509.58,522.6,27,83,34,success,
{3763BFA9-842F-4A5D-A123-152713218ECA},Lagertank,,,Verbessert,swisstopo,2022,6,swisstopo,2022,6,2022,6,2023-07-20T08:01:51+00:00,2023-07-20T08:01:51+00:00,524.14,524.1400000000001,519.26,4.88,,{353E6FDA-4ED4-45EE-854C-3F789F9FB5D3},2.1,38.06,2.1,0.0,2.1,42.26,flat,1.0,0.0,,,,23,7.39,4.93,523.94,5.15,516.55,523.94,46,50,0,success,
{F94FB338-2F67-4346-9BB3-6BB34B704737},Gebaeude Einzelhaus,,,Verbessert,swisstopo,2022,6,swisstopo,2022,6,2022,6,2023-07-20T08:01:50+00:00,2023-07-20T08:01:50+00:00,512.49,507.34,505.62,6.87,502003989.0,{6C4ED6A6-A0C0-4EA6-AC1B-B0EBEDA1E664},188.95,396.05,163.93,188.95,0.0,748.93,gable,0.85,25.8,35.4,315.9,45.9,14,10.52,6.43,512.29,37.66,501.77,512.29,8,26,14,success,
{52602B5F-0090-45D6-BB5B-E6830E217809},Lagertank,,,Verbessert,swisstopo,2022,6,swisstopo,2022,6,2022,6,2023-07-20T08:02:02+00:00,2023-07-20T08:02:02+00:00,509.8,509.8,499.87,9.93,502004295.0,{19409973-7E78-4216-B40D-64889FDD7110},8.98,133.54,8.98,0.0,8.98,151.51,flat,1.0,0.0,,,,23,12.54,8.36,509.6,10.65,497.06,509.6,46,50,0,success,
{074A7322-8001-4A83-84AF-46DB93FF3AC6},Gebaeude Einzelhaus,,,Verbessert,swisstopo,2022,6,swisstopo,2022,6,2022,6,2023-07-20T08:02:19+00:00,2023-07-20T08:02:19+00:00,569.91,567.9200000000001,566.07,3.84,502004327.0,{998E0616-8286-4434-AD6A-99EAE1E8A52F},18.68,89.04,13.93,18.68,0.0,121.65,gable,0.85,39.9,43.7,22.1,112.1,5,6.94,6.03,569.71,12.83,562.78,569.71,3,12,5,success,
{2F7ACAE8-A374-46DE-BFF8-4E57004D3A82},Gebaeude Einzelhaus,,,Verbessert,swisstopo,2022,6,swisstopo,2022,6,2022,6,2023-07-20T08:02:38+00:00,2023-07-20T08:02:38+00:00,554.29,553.34,551.95,2.34,502004189.0,{8D814645-B644-4CA2-AFEB-543F27FE2061},8.34,55.88,6.64,8.34,0.0,70.86,gable,0.85,37.3,37.3,51.5,141.5,5,5.91,3.9,554.09,9.45,548.18,554.09,3,12,5,success,
{639A06AF-1DD1-4BB2-8868-7D4BDDCEAC9F},Gebaeude Einzelhaus,,,Verbessert,swisstopo,2022,6,swisstopo,2022,6,2022,6,2023-07-20T08:02:51+00:00,2023-07-20T08:02:51+00:00,506.76,503.0,501.14,5.62,190144989.0,{711EB3D0-FBDE-46D5-A16A-C64518869FCA},524.52,791.18,519.05,0.0,524.52,1834.75,flat,1.0,0.0,,,,17,9.57,6.38,506.56,82.7,497.0,506.56,31,35,0,success,
{7234D9D2-A5B2-4BD9-ABAC-EFD0FB2B34A7},Gebaeude Einzelhaus,,,Verbessert,swisstopo,2022,6,swisstopo,2022,6,2022,6,2023-07-20T08:02:39+00:00,2023-07-20T08:02:39+00:00,510.42,505.97,499.94,10.48,502004296.0,{340608FC-0507-4438-B110-206EC36EC316},367.78,855.2,336.85,367.78,0.0,1559.83,gable,0.85,23.4,24.0,120.6,210.6,6,13.57,8.06,510.22,63.04,496.65,510.22,4,14,6,success,
{C7CAB3A7-59C8-4FAA-A3BB-A781D27A8F54},Gebaeude Einzelhaus,,,Verbessert,swisstopo,2022,6,swisstopo,2022,6,2022,6,2023-07-20T08:03:02+00:00,2023-07-20T08:03:02+00:00,538.84,535.08,531.28,7.56,502000151.0,{41519100-D752-4660-BEAF-F49625ABDF45},97.52,318.8,78.77,97.52,0.0,495.09,gable,0.85,36.1,36.1,349.8,79.8,4,11.18,9.25,538.64,28.51,527.46,538.64,2,10,4,success,
{00C93DB6-126E-45CA-B193-09A39096A3CF},Lagertank,,,Verbessert,swisstopo,2022,6,swisstopo,2022,6,2022,6,2023-07-20T08:03:01+00:00,2023-07-20T08:03:01+00:00,509.8,509.8,499.88,9.92,502004294.0,{8708FDC6-878E-498F-A8B7-817177C4038A},8.98,133.24,8.98,0.0,8.98,151.2,flat,1.0,0.0,,,,23,12.51,8.34,509.6,10.65,497.09,509.6,46,50,0,success,
{A08E790A-913C-4C8E-B5F9-543DA2689D0E},Gebaeude Einzelhaus,,,Verbessert,swisstopo,2022,6,swisstopo,2022,6,2022,6,2023-07-20T08:03:02+00:00,2023-07-20T08:03:02+00:00,526.45,526.45,525.14,1.31,,{3F119117-138E-4888-861E-57B6FFD1B916},43.37,122.14,43.37,0.0,43.37,208.88,flat,1.0,0.0,,,,2,4.22,2.81,526.25,28.93,522.02,526.25,4,8,0,success,
{02D0BC5F-FECD-43C5-9296-044CF2DB0E18},Gebaeude Einzelhaus,,,Verbessert,swisstopo,2022,6,swisstopo,2022,6,2022,6,2023-07-20T08:03:09+00:00,2023-07-20T08:03:09+00:00,588.06,585.08,582.52,5.54,2030577.0,{490AC411-005E-4DB9-B3AA-D6F389424BEA},73.98,206.88,60.76,73.98,0.0,341.61,gable,0.85,25.6,47.8,324.4,54.4,5,8.52,5.2,587.86,24.28,579.34,587.86,3,12,5,success,
{D7AE5895-C611-4235-9441-120BCDDDCF6D},Gebaeude Einzelhaus,,,Verbessert,swisstopo,2022,6,swisstopo,2022,6,2022,6,2023-07-20T08:03:31+00:00,2023-07-20T08:03:31+00:00,535.88,535.82,534.08,1.8,502003864.0,{57639B48-7D24-4166-B763-3AF36F1EA0F0},7.85,56.39,7.85,0.0,7.85,72.1,flat,1.0,0.0,,,,2,5.04,3.36,535.67,11.18,530.63,535.67,4,8,0,success,
{F332ACEE-F6D2-4F33-96DF-5E46E841271E},Lagertank,,,Verbessert,swisstopo,2022,6,swisstopo,2022,6,2022,6,2023-07-20T08:03:11+00:00,2023-07-20T08:03:11+00:00,528.51,528.51,521.43,7.08,502003898.0,{BB072E67-FC5A-44F7-AEE6-EDC5CE22F82D},7.85,97.43,7.85,0.0,7.85,113.13,flat,1.0,0.0,,,,23,9.78,6.52,528.31,9.96,518.52,528.31,46,50,0,success,
{8B76DE26-F31B-4BEB-8977-3C23756824E1},Gebaeude Einzelhaus,,,Verbessert,swisstopo,2022,6,swisstopo,2022,6,2022,6,2023-07-20T08:03:32+00:00,2023-07-20T08:03:32+00:00,515.64,514.0200000000001,511.14,4.5,502000153.0,{A61E64DA-E6FC-43DB-86C6-F475667E852A},29.29,128.86,23.88,29.29,0.0,182.03,gable,0.85,36.2,34.4,264.4,354.4,5,7.4,4.77,515.44,17.42,508.04,515.44,3,12,5,success,
{C76E8CF4-5E4B-4AE7-9678-B2586AC3A9D3},Gebaeude Einzelhaus,,,Verbessert,swisstopo,2022,6,swisstopo,2022,6,2022,6,2023-07-20T08:04:00+00:00,2023-07-20T08:04:00+00:00,538.06,537.6400000000001,535.39,2.67,502003865.0,{1349F512-273F-496E-A2DB-326F05716128},17.23,105.82,17.17,0.0,17.23,140.23,flat,1.0,0.0,,,,4,5.95,3.96,537.84,17.8,531.89,537.84,8,12,0,success,
{23379345-279A-4F6F-99C6-F9CB985E3AE1},Gebaeude Einzelhaus,,,Verbessert,swisstopo,2022,6,swisstopo,2022,6,2022,6,2023-07-20T08:04:18+00:00,2023-07-20T08:04:18+00:00,597.11,595.9300000000001,593.85,3.26,502000156.0,{3D9C5293-7CC1-49F2-A6E1-2DE393AC7E00},27.55,121.63,24.77,27.55,0.0,173.96,gable,0.85,25.7,26.2,180.7,270.7,5,6.52,4.07,596.91,18.66,590.4,596.91,3,12,5,success,
{C9EC1D6B-C6B7-4038-A4B8-6E7BEE50AF3F},Gebaeude Einzelhaus,,,Verbessert,swisstopo,2022,6,swisstopo,2022,6,2022,6,2023-07-20T08:04:18+00:00,2023-07-20T08:04:18+00:00,513.09,508.37,505.84,7.25,191667570.0,{24432DD2-0CA1-473A-ACF3-40C8C220E749},232.4,437.21,200.06,232.4,0.0,869.67,gable,0.85,30.7,30.4,152.3,242.3,6,10.26,6.01,512.89,42.63,502.63,512.89,4,14,6,success,
{756B0066-22C0-426D-895F-3B7F5A4921DB},Gebaeude Einzelhaus,,,Verbessert,swisstopo,2022,6,swisstopo,2022,6,2022,6,2023-07-20T08:04:19+00:00,2023-07-20T08:04:19+00:00,510.1,508.4,505.73,4.37,502004362.0,{BF3E6E0D-F3A2-4016-9141-1F0AB1BC7954},77.37,224.41,69.11,77.37,0.0,370.88,gable,0.85,26.1,27.3,332.0,62.0,6,7.36,4.72,509.9,30.48,502.54,509.9,3,13,6,success,
{B71ACEAC-206B-4FDE-9458-D40F8088D5CA},Gebaeude Einzelhaus,,,Verbessert,swisstopo,2022,6,swisstopo,2022,6,2022,6,2023-07-20T08:05:12+00:00,2023-07-20T08:05:12+00:00,495.54,491.0,485.08,10.46,482169.0,{49911D11-B8B8-4AED-8FF5-F0232D045869},125.42,450.32,101.38,125.42,0.0,677.13,gable,0.85,36.1,36.0,310.6,40.6,16,13.61,8.63,495.34,33.09,481.73,495.34,12,32,16,success,
{0F9F0840-4E46-4B4F-9302-557C27DC653D},Gebaeude Einzelhaus,,,Real,swisstopo,2022,6,swisstopo,2022,6,2022,6,2023-07-20T08:05:14+00:00,2023-07-20T08:05:14+00:00,495.22,491.66,485.53,9.69,191748975.0,{F3A3AC19-E6C7-4B94-AE6E-C73C36A7F005},81.26,360.73,68.56,81.26,0.0,510.54,gable,0.85,32.8,32.2,40.3,130.3,9,12.92,7.6,495.02,27.92,482.1,495.02,8,21,9,success,
{378413C6-1F85-44E4-9C6F-890C214BB91A},Gebaeude Einzelhaus,,,Real,swisstopo,2022,6,swisstopo,2022,6,2022,6,2023-07-20T08:05:16+00:00,2023-07-20T08:05:16+00:00,495.22,491.66,485.29,9.93,191748976.0,{0E5DAFE8-F9FB-4DA2-A495-83FC082AA232},79.68,357.96,67.23,79.68,0.0,504.87,gable,0.85,32.8,32.2,40.3,130.3,12,12.92,12.23,495.02,27.71,482.1,495.02,10,26,12,success,
{2B9D9716-6EE0-46A0-A908-B330951DF1C4},Gebaeude Einzelhaus,,,Verbessert,swisstopo,2022,6,swisstopo,2022,6,2022,6,2023-07-20T08:05:16+00:00,2023-07-20T08:05:16+00:00,495.17,492.17,489.77,5.4,502004351.0,{A4650714-18FE-49AE-B832-A1EE272FFA68},750.2,783.46,744.33,0.0,750.2,2277.99,flat,1.0,0.0,,,,2,8.1,5.4,494.6,96.69,486.5,494.6,4,8,0,success,
{5692CD32-3826-4DE7-A262-5E92AAE68BDB},Gebaeude Einzelhaus,,,Real,swisstopo,2022,6,swisstopo,2022,6,2022,6,2023-07-20T08:05:23+00:00,2023-07-20T08:05:23+00:00,496.14,492.58,486.17,9.97,191748951.0,{383D3FE4-1243-4866-9964-82B2EBD761A4},81.15,360.06,68.47,81.15,0.0,509.68,gable,0.85,32.2,32.8,220.3,310.3,13,12.91,8.09,495.94,27.89,483.04,495.94,10,27,13,success,
{F5114C87-E376-4CB9-A355-9A8D2E93899A},Gebaeude Einzelhaus,,,Verbessert,swisstopo,2022,6,swisstopo,2022,6,2022,6,2023-07-20T08:05:25+00:00,2023-07-20T08:05:25+00:00,508.4,503.58,498.76,9.64,190233088.0,{999BFAED-6598-4FE2-B858-974A2A40F75E},1521.28,1748.39,1480.14,1206.08,315.2,4749.81,gable,0.85,14.9,15.0,314.1,44.1,7,13.35,10.95,508.2,130.94,494.84,508.2,9,30,5,success,
{1A8B3F79-B758-4D1E-A1AB-A3F8C6FB3A2E},Gebaeude Einzelhaus,,,Verbessert,swisstopo,2022,6,swisstopo,2022,6,2022,6,2023-07-20T08:06:41+00:00,2023-07-20T08:06:41+00:00,496.09,493.73,489.58,6.51,481992.0,{CE6D4CF4-DE4B-422B-B2DB-5F8C0906816C},262.8,645.75,214.66,246.02,16.78,1123.21,gable,0.85,19.0,20.7,123.6,213.6,20,10.65,9.89,495.89,60.63,485.24,495.89,13,52,17,success,
{090D6737-E6C3-49A4-92E0-022CA9AF73A3},Gebaeude Einzelhaus,,,Real,swisstopo,2022,6,swisstopo,2022,6,2022,6,2023-07-20T08:06:42+00:00,2023-07-20T08:06:42+00:00,495.91,492.35,485.37,10.54,191748979.0,{35D31E12-85C3-4628-8CCB-D8C33C72D1A0},84.07,402.22,70.92,84.07,0.0,557.21,gable,0.85,32.8,32.2,40.3,130.3,15,13.93,8.69,495.71,28.87,481.78,495.71,13,36,15,success,
{5E98E67C-5D5B-469F-A03B-226D1A1C4838},Gebaeude Einzelhaus,,,Real,swisstopo,2022,6,swisstopo,2022,6,2022,6,2023-07-20T08:06:44+00:00,2023-07-20T08:06:44+00:00,495.91,492.35,485.67,10.24,191748982.0,{4D4EA28C-6A4D-4ABA-95FD-ADD460565685},79.96,392.34,67.47,79.96,0.0,539.78,gable,0.85,32.8,32.2,40.3,130.3,11,13.93,8.9,495.71,28.16,481.78,495.71,10,25,11,success,
{6BBF856D-596E-4B19-B81F-1DE52BAE1DDE},Gebaeude Einzelhaus,,,Verbessert,swisstopo,2022,6,swisstopo,2022,6,2022,6,2023-07-20T08:06:45+00:00,2023-07-20T08:06:45+00:00,497.93,492.22,490.21,7.72,482109.0,{DF359AFA-8684-4AB2-88D7-08E2B05F52A0},646.82,859.32,614.48,646.82,0.0,2120.61,gable,0.85,18.1,18.4,213.3,303.3,12,11.22,6.67,497.73,76.61,486.51,497.73,9,27,12,success,
{D85C61B5-03F1-4DD4-9493-20168CDAC078},Gebaeude Einzelhaus,,,Real,swisstopo,2022,6,swisstopo,2022,6,2022,6,2023-07-20T08:06:46+00:00,2023-07-20T08:06:46+00:00,496.26,492.7,486.72,9.54,191748977.0,{37A95BF2-7E5B-42DC-B44B-2199519CDF8E},80.83,388.1,68.2,80.83,0.0,537.12,gable,0.85,32.2,32.8,220.3,310.3,9,13.75,8.14,496.06,28.22,482.31,496.06,8,21,9,success,
{1D879A89-33C5-44E3-A48F-4ED4A282062F},Gebaeude Einzelhaus,,,Real,swisstopo,2022,6,swisstopo,2022,6,2022,6,2023-07-20T08:06:47+00:00,2023-07-20T08:06:47+00:00,496.26,492.7,485.79,10.47,191748978.0,{45B5A344-DC55-4C91-8994-CBBC2F12BFC2},80.57,387.57,67.99,80.57,0.0,536.13,gable,0.85,32.2,32.8,220.3,310.3,8,13.75,8.14,496.06,28.18,482.31,496.06,9,21,8,success,
{B59127F9-DA7B-4A40-8487-BED5E9128BCA},Gebaeude Einzelhaus,,,Real,swisstopo,2022,6,swisstopo,2022,6,2022,6,2023-07-20T08:06:49+00:00,2023-07-20T08:06:49+00:00,496.14,492.58,486.1,10.04,191748974.0,{AC4ABB9C-612A-4251-9504-849C6BF9D6DC},79.85,357.86,67.37,79.85,0.0,505.09,gable,0.85,32.2,32.8,220.3,310.3,9,12.91,8.14,495.94,27.72,483.04,495.94,10,23,9,success,
{F883A50C-5859-4479-A446-321892290F4D},Gebaeude Einzelhaus,,,Verbessert,swisstopo,2022,6,swisstopo,2022,6,2022,6,2023-07-20T08:08:10+00:00,2023-07-20T08:08:10+00:00,497.34,494.02,490.58,6.76,502004352.0,{2C0DEA9A-5C2F-4D3F-B9B2-E95BB2AFCB62},554.25,787.36,528.68,349.84,204.41,1870.28,gable,0.85,21.1,20.4,33.5,123.5,12,10.41,7.92,497.14,75.61,486.72,497.14,13,30,9,success,
{B0D7204C-3F0A-4EC8-B883-4A58CCEA7A52},Gebaeude Einzelhaus,,,Verbessert,swisstopo,2022,6,swisstopo,2022,6,2022,6,2023-07-20T08:06:49+00:00,2023-07-20T08:06:49+00:00,490.68,490.37,488.02,2.66,502004340.0,{A0488DAC-A750-4E9B-9252-B36EA21A01B3},64.2,210.23,64.17,0.0,64.2,338.6,flat,1.0,0.0,,,,8,5.51,5.4,490.48,38.18,484.98,490.48,20,34,0,success,
{E5885BD2-FB59-4D40-B1CA-3734B4EF3EA1},Gebaeude Einzelhaus,,,Verbessert,swisstopo,2022,6,swisstopo,2022,6,2022,6,2023-07-20T08:08:13+00:00,2023-07-20T08:08:13+00:00,500.64,496.47,491.37,9.27,502004350.0,{82C95772-8C46-4964-9176-C60314A739A3},267.85,736.04,250.05,267.85,0.0,1253.94,gable,0.85,20.3,21.7,303.2,33.2,4,13.08,7.96,500.44,56.27,487.36,500.44,3,11,4,success,
